½»Ò×ÈÕÆÚ,¹ÉÆ±´úÂë,chan_top_fractal,chan_bottom_fractal,chan_fractal_ratio,chan_stroke_dir,chan_stroke_count,chan_stroke_strength,chan_zhongshu_count,chan_zhongshu_position,chan_zhongshu_width,chan_top_div,chan_bottom_div,chan_div_signal,chan_buy_signals,chan_sell_signals,chan_segment_count
2024-04-28,sh600004,2,1,0.3333333333333333,1,1,0.04027504911591357,1,0.0,0.01656113005358012,0,0,0,0,0,18
2024-05-28,sh600004,5,5,0.5,1,4,0.03809394256234415,1,-1.0,0.01656113005358012,0,1,1,2,0,18
2024-06-28,sh600004,4,5,0.5555555555555556,1,4,0.06549769302970357,1,1.0,0.01737242128121589,0,1,1,2,0,18
2024-07-28,sh600004,4,3,0.42857142857142855,1,4,0.06286589101093708,1,1.0,0.01737242128121589,0,0,0,0,0,18
2024-08-28,sh600004,3,4,0.5714285714285714,-1,3,0.20322330861484025,1,0.0,0.01737242128121589,0,1,1,0,0,18
2024-09-28,sh600004,5,5,0.5,-1,4,0.06163003994786466,2,1.0,0.05924412665985701,0,0,0,0,0,18
2024-10-28,sh600004,4,4,0.5,-1,2,0.07144773275282587,2,0.0,0.05924412665985701,0,0,0,0,0,18
2024-11-28,sh600004,7,7,0.5,1,3,0.035905351553734866,1,0.0,0.05924412665985701,0,0,0,0,0,18
2024-12-28,sh600004,8,7,0.4666666666666667,1,2,0.022966298558878426,2,1.0,0.03608529250956808,1,1,1,2,2,18
2025-01-28,sh600004,4,4,0.5,1,4,0.05416860662537736,2,1.0,0.03608529250956808,1,0,-1,0,1,18
2025-02-28,sh600004,3,4,0.5714285714285714,-1,3,0.040008026514675804,1,0.0,0.03608529250956808,0,1,1,0,1,18
2025-03-28,sh600004,7,6,0.46153846153846156,1,3,0.06097978249141044,1,0.0,0.03608529250956808,0,0,0,0,0,18
2025-04-28,sh600004,7,7,0.5,1,2,0.05598186146934774,1,0.0,0.03608529250956808,0,0,0,0,0,18
2025-05-28,sh600004,2,3,0.6,-1,3,0.0652443603866027,1,1.0,0.03608529250956808,0,0,0,0,0,18
2025-06-28,sh600004,6,5,0.45454545454545453,-1,2,0.04168548517669518,1,0.0,0.03608529250956808,0,0,0,0,0,18
2025-07-28,sh600004,5,6,0.5454545454545454,-1,6,0.03760702731301526,2,-1.0,0.014783526927138206,1,0,-1,0,0,18
2025-08-28,sh600004,6,5,0.45454545454545453,1,5,0.038461736279236144,1,1.0,0.014783526927138206,0,1,1,2,0,18
2025-09-28,sh600004,3,3,0.5,-1,1,0.0649064906490649,5,0.0,0.014783526927138206,0,0,0,2,1,18
2025-10-28,sh600004,0,0,0.0,0,0,0.0,5,1.0,0.014783526927138206,0,0,0,4,0,18
2025-11-28,sh600004,0,0,0.0,0,0,0.0,5,1.0,0.014783526927138206,0,0,0,3,0,18
2025-12-28,sh600004,0,0,0.0,0,0,0.0,5,0.0,0.014783526927138206,0,0,0,6,0,18
2026-01-28,sh600004,0,0,0.0,0,0,0.0,5,1.0,0.014783526927138206,0,0,0,3,2,18
2026-02-28,sh600004,0,0,0.0,0,0,0.0,5,0.0,0.014783526927138206,0,0,0,2,1,18
2026-03-28,sh600004,0,0,0.0,0,0,0.0,5,-1.0,0.014783526927138206,0,0,0,0,5,18
2026-04-28,sh600004,0,0,0.0,0,0,0.0,5,-1.0,0.014783526927138206,0,0,0,0,0,18
2026-05-28,sh600004,0,0,0.0,0,0,0.0,5,-1.0,0.014783526927138206,0,0,0,0,0,18
2007-07-28,sh600001,2,2,0.5,0,0,0.0,1,-1.0,0.24772727272727277,0,0,0,0,0,16
2007-08-28,sh600001,7,6,0.46153846153846156,1,1,0.42325581395348827,1,0.0,0.24772727272727277,0,0,0,0,0,16
2007-09-28,sh600001,4,4,0.5,1,4,0.18834673398026566,1,0.0,0.24772727272727277,0,0,0,0,0,16
2007-10-28,sh600001,4,5,0.5555555555555556,-1,3,0.14112339802203844,1,0.0,0.24772727272727277,0,0,0,0,0,16
2007-11-28,sh600001,3,3,0.5,-1,4,0.10829852411617807,1,-1.0,0.24772727272727277,1,0,-1,0,2,16
2007-12-28,sh600001,5,5,0.5,-1,2,0.374023494120168,1,0.0,0.24772727272727277,0,0,0,0,0,16
2008-01-28,sh600001,4,3,0.42857142857142855,1,3,0.23697582018522803,1,0.0,0.24772727272727277,0,0,0,0,0,16
2008-02-28,sh600001,3,3,0.5,1,4,0.2384496038843312,1,0.0,0.24772727272727277,0,2,1,2,0,16
2008-03-28,sh600001,6,6,0.5,1,4,0.09992947002006018,2,1.0,0.1919879062736205,0,0,0,0,0,16
2008-04-28,sh600001,3,3,0.5,1,6,0.15731320040049607,1,0.0,0.1919879062736205,0,1,1,0,0,16
2008-05-28,sh600001,3,4,0.5714285714285714,-1,3,0.16839992400797557,2,1.0,0.17567567567567574,0,1,1,1,0,16
2008-06-28,sh600001,5,4,0.4444444444444444,1,3,0.13408922225472386,2,0.0,0.17567567567567574,0,0,0,1,0,16
2008-07-28,sh600001,7,7,0.5,1,4,0.12135177732524655,1,0.0,0.17567567567567574,0,0,0,0,0,16
2008-08-28,sh600001,5,6,0.5454545454545454,-1,3,0.10559399224349214,1,-1.0,0.17567567567567574,1,0,-1,0,2,16
2008-12-28,sh600001,1,0,0.0,0,0,0.0,1,-1.0,0.17567567567567574,0,0,0,0,0,16
2009-01-28,sh600001,4,5,0.5555555555555556,-1,2,0.21755904455179817,1,-1.0,0.17567567567567574,0,0,0,0,0,16
2009-02-28,sh600001,6,5,0.45454545454545453,-1,2,0.2916536210422397,1,-1.0,0.17567567567567574,0,0,0,0,0,16
2009-03-28,sh600001,3,4,0.5714285714285714,-1,4,0.2102690119685166,1,0.0,0.17567567567567574,1,1,1,1,0,16
2009-04-28,sh600001,5,4,0.4444444444444444,1,3,0.19771271171347812,1,0.0,0.17567567567567574,0,0,0,1,0,16
2009-05-28,sh600001,3,3,0.5,-1,3,0.08003206080003182,3,1.0,0.17567567567567574,0,0,0,3,0,16
2009-06-28,sh600001,3,3,0.5,-1,2,0.10192729499152246,3,1.0,0.17567567567567574,0,0,0,1,0,16
2009-07-28,sh600001,0,0,0.0,0,0,0.0,3,1.0,0.17567567567567574,0,0,0,0,0,16
2009-08-28,sh600001,0,0,0.0,0,0,0.0,3,1.0,0.17567567567567574,0,0,0,0,0,16
2009-09-28,sh600001,0,0,0.0,0,0,0.0,3,0.0,0.17567567567567574,0,0,0,2,0,16
2009-10-28,sh600001,0,0,0.0,0,0,0.0,3,0.0,0.17567567567567574,0,0,0,2,0,16
2009-11-28,sh600001,0,0,0.0,0,0,0.0,3,1.0,0.17567567567567574,0,0,0,0,0,16
2009-12-28,sh600001,0,0,0.0,0,0,0.0,3,1.0,0.17567567567567574,0,0,0,0,0,16
2024-04-28,sh600008,2,2,0.5,1,1,0.06382978723404262,0,0.0,0.0,0,0,0,0,0,13
2024-05-28,sh600008,3,4,0.5714285714285714,-1,3,0.05691019786910201,1,0.0,0.06968641114982585,0,0,0,0,0,13
2024-06-28,sh600008,4,4,0.5,-1,4,0.06852821495323982,1,-1.0,0.06968641114982585,0,0,0,0,0,13
2024-07-28,sh600008,5,5,0.5,-1,4,0.11205486485877002,1,0.0,0.06968641114982585,0,1,1,0,0,13
2024-08-28,sh600008,5,4,0.4444444444444444,1,3,0.12788149456751063,1,0.0,0.06968641114982585,1,0,-1,0,0,13
2024-09-28,sh600008,4,4,0.5,1,4,0.06178516619259212,2,1.0,0.04501607717041804,0,1,1,1,0,13
2024-10-28,sh600008,3,4,0.5714285714285714,-1,3,0.040186087061087096,2,1.0,0.04501607717041804,0,1,1,2,0,13
2024-11-28,sh600008,6,6,0.5,1,7,0.032282829527134224,2,1.0,0.04501607717041804,0,1,1,1,0,13
2024-12-28,sh600008,6,5,0.45454545454545453,-1,3,0.04981504571496156,1,1.0,0.04501607717041804,1,1,1,0,0,13
2025-01-28,sh600008,4,4,0.5,1,5,0.04035026073115498,1,0.0,0.04501607717041804,1,0,-1,0,0,13
2025-02-28,sh600008,5,5,0.5,1,4,0.061075437957158404,1,-1.0,0.04501607717041804,1,0,-1,0,1,13
2025-03-28,sh600008,5,5,0.5,1,4,0.04441671143737688,1,0.0,0.04501607717041804,0,0,0,0,1,13
2025-04-28,sh600008,6,7,0.5384615384615384,-1,5,0.04277684874848878,1,0.0,0.04501607717041804,1,0,-1,0,0,13
2025-05-28,sh600008,5,4,0.4444444444444444,1,1,0.09302325581395358,1,1.0,0.04501607717041804,0,0,0,0,0,13
2025-06-28,sh600008,3,3,0.5,1,2,0.06747013501095649,2,-1.0,0.04501607717041804,0,0,0,0,3,13
2025-07-28,sh600008,0,0,0.0,0,0,0.0,2,0.0,0.04501607717041804,0,0,0,2,3,13
2025-08-28,sh600008,0,0,0.0,0,0,0.0,2,0.0,0.04501607717041804,0,0,0,1,0,13
2025-09-28,sh600008,0,0,0.0,0,0,0.0,2,0.0,0.04501607717041804,0,0,0,7,0,13
2025-10-28,sh600008,0,0,0.0,0,0,0.0,2,1.0,0.04501607717041804,0,0,0,4,0,13
2025-11-28,sh600008,0,0,0.0,0,0,0.0,2,-1.0,0.04501607717041804,0,0,0,4,2,13
2025-12-28,sh600008,0,0,0.0,0,0,0.0,2,-1.0,0.04501607717041804,0,0,0,0,9,13
2026-01-28,sh600008,0,0,0.0,0,0,0.0,2,0.0,0.04501607717041804,0,0,0,0,10,13
2026-02-28,sh600008,0,0,0.0,0,0,0.0,2,0.0,0.04501607717041804,0,0,0,0,0,13
2026-03-28,sh600008,0,0,0.0,0,0,0.0,2,0.0,0.04501607717041804,0,0,0,6,0,13
2026-04-28,sh600008,0,0,0.0,0,0,0.0,2,0.0,0.04501607717041804,0,0,0,0,6,13
2026-05-28,sh600008,0,0,0.0,0,0,0.0,2,0.0,0.04501607717041804,0,0,0,0,0,13
2024-04-28,sh600000,2,2,0.5,0,0,0.0,1,-1.0,0.05231866825208101,0,0,0,0,0,17
2024-05-28,sh600000,6,5,0.45454545454545453,1,1,0.1889655172413792,1,0.0,0.05231866825208101,0,0,0,0,0,17
2024-06-28,sh600000,4,4,0.5,1,4,0.0715645757505218,1,0.0,0.05231866825208101,1,0,-1,0,2,17
2024-07-28,sh600000,4,4,0.5,-1,3,0.09054270351123427,2,-1.0,0.04624929498025946,0,0,0,0,0,17
2024-08-28,sh600000,5,6,0.5454545454545454,1,1,0.2853658536585366,2,-1.0,0.04624929498025946,0,0,0,0,0,17
2024-09-28,sh600000,4,4,0.5,-1,3,0.08477139799122324,2,0.0,0.09701126898579113,0,1,1,1,0,17
2024-10-28,sh600000,3,2,0.4,1,5,0.07602793813784983,1,0.0,0.09701126898579113,1,0,-1,1,0,17
2024-11-28,sh600000,6,6,0.5,1,4,0.0538887284368588,1,-1.0,0.09701126898579113,0,0,0,0,0,17
2024-12-28,sh600000,6,7,0.5384615384615384,-1,3,0.05565783932397628,1,0.0,0.09701126898579113,1,0,-1,0,2,17
2025-01-28,sh600000,4,4,0.5,0,0,0.0,1,0.0,0.09701126898579113,0,0,0,0,0,17
2025-02-28,sh600000,3,3,0.5,-1,2,0.1830716276378706,1,0.0,0.09701126898579113,0,0,0,0,0,17
2025-03-28,sh600000,5,5,0.5,-1,2,0.18006950122649223,1,0.0,0.09701126898579113,1,0,-1,0,0,17
2025-04-28,sh600000,5,5,0.5,-1,4,0.07296298094624715,1,1.0,0.09701126898579113,0,0,0,0,0,17
2025-05-28,sh600000,2,2,0.5,-1,2,0.12088305396006715,1,-1.0,0.029246344206974036,0,0,0,0,0,17
2025-06-28,sh600000,5,5,0.5,1,3,0.12722092782927877,1,1.0,0.029246344206974036,0,1,1,1,0,17
2025-07-28,sh600000,7,6,0.46153846153846156,1,4,0.052983687557932244,1,-1.0,0.029246344206974036,1,0,-1,1,0,17
2025-08-28,sh600000,3,4,0.5714285714285714,-1,5,0.07218282717001137,1,1.0,0.029246344206974036,0,1,1,0,0,17
2025-09-28,sh600000,6,5,0.45454545454545453,1,3,0.0593081488259922,1,-1.0,0.029246344206974036,0,0,0,0,0,17
2025-10-28,sh600000,2,2,0.5,1,2,0.04838609485833962,1,-1.0,0.029246344206974036,0,0,0,0,0,17
2025-11-28,sh600000,0,1,1.0,-1,1,0.12291052114060964,4,-1.0,0.029246344206974036,0,0,0,0,0,17
2025-12-28,sh600000,0,0,0.0,0,0,0.0,4,-1.0,0.029246344206974036,0,0,0,0,0,17
2026-01-28,sh600000,0,0,0.0,0,0,0.0,4,-1.0,0.029246344206974036,0,0,0,0,0,17
2026-02-28,sh600000,0,0,0.0,0,0,0.0,4,-1.0,0.029246344206974036,0,0,0,0,0,17
2026-03-28,sh600000,0,0,0.0,0,0,0.0,4,-1.0,0.029246344206974036,0,0,0,0,0,17
2026-04-28,sh600000,0,0,0.0,0,0,0.0,4,-1.0,0.029246344206974036,0,0,0,0,0,17
2026-05-28,sh600000,0,0,0.0,0,0,0.0,4,-1.0,0.029246344206974036,0,0,0,0,0,17
2024-04-28,sh600007,3,2,0.4,0,0,0.0,1,1.0,0.0052933392148213935,0,0,0,0,0,19
2024-05-28,sh600007,5,6,0.5454545454545454,1,1,0.13578062804068997,1,1.0,0.0052933392148213935,0,0,0,0,0,19
2024-06-28,sh600007,6,5,0.45454545454545453,1,4,0.0775831157858664,2,0.0,0.03089693336407646,0,1,1,0,0,19
2024-07-28,sh600007,6,7,0.5384615384615384,-1,3,0.06518336350397562,2,0.0,0.03089693336407646,0,1,1,0,0,19
2024-08-28,sh600007,3,3,0.5,-1,2,0.36168302063420454,1,0.0,0.03089693336407646,0,0,0,0,0,19
2024-09-28,sh600007,5,5,0.5,-1,4,0.059344215903792095,2,1.0,0.09797297297297299,0,1,1,0,0,19
2024-10-28,sh600007,5,4,0.4444444444444444,1,5,0.06673755040111885,1,0.0,0.09797297297297299,2,0,-1,0,3,19
2024-11-28,sh600007,5,5,0.5,1,4,0.073382352541732,1,-1.0,0.09797297297297299,0,0,0,0,1,19
2024-12-28,sh600007,5,5,0.5,1,6,0.06951264287755375,1,0.0,0.09797297297297299,1,1,1,0,0,19
2025-01-28,sh600007,4,5,0.5555555555555556,-1,1,0.07741935483870971,1,1.0,0.09797297297297299,0,0,0,0,0,19
2025-02-28,sh600007,6,6,0.5,-1,4,0.03237617236528181,1,0.0,0.09797297297297299,1,0,-1,0,0,19
2025-03-28,sh600007,7,6,0.46153846153846156,-1,4,0.027161398983091653,2,1.0,0.04377564979480168,0,1,1,0,0,19
2025-04-28,sh600007,5,5,0.5,1,3,0.06119426644244513,2,0.0,0.04377564979480168,1,1,1,2,1,19
2025-05-28,sh600007,3,3,0.5,-1,3,0.062289108113874316,1,0.0,0.04377564979480168,0,0,0,0,1,19
2025-06-28,sh600007,3,3,0.5,1,3,0.036913504918400834,2,0.0,0.029291716686674643,1,0,-1,0,2,19
2025-07-28,sh600007,4,5,0.5555555555555556,-1,5,0.056181609007978216,1,-1.0,0.029291716686674643,0,0,0,0,0,19
2025-08-28,sh600007,4,3,0.42857142857142855,1,3,0.054132064371231,1,0.0,0.029291716686674643,2,0,-1,0,2,19
2025-09-28,sh600007,4,5,0.5555555555555556,-1,3,0.06758609755030691,1,-1.0,0.029291716686674643,0,1,1,2,0,19
2025-10-28,sh600007,2,1,0.3333333333333333,1,3,0.09341463150905625,5,-1.0,0.029291716686674643,1,0,-1,0,2,19
2025-11-28,sh600007,0,0,0.0,0,0,0.0,5,-1.0,0.029291716686674643,0,0,0,2,1,19
2025-12-28,sh600007,0,0,0.0,0,0,0.0,5,-1.0,0.029291716686674643,0,0,0,0,1,19
2026-01-28,sh600007,0,0,0.0,0,0,0.0,5,0.0,0.029291716686674643,0,0,0,0,2,19
2026-02-28,sh600007,0,0,0.0,0,0,0.0,5,-1.0,0.029291716686674643,0,0,0,0,2,19
2026-03-28,sh600007,0,0,0.0,0,0,0.0,5,0.0,0.029291716686674643,0,0,0,0,4,19
2026-04-28,sh600007,0,0,0.0,0,0,0.0,5,0.0,0.029291716686674643,0,0,0,6,0,19
2026-05-28,sh600007,0,0,0.0,0,0,0.0,5,0.0,0.029291716686674643,0,0,0,1,0,19
2024-04-28,sh600006,1,2,0.6666666666666666,1,1,0.13552068473609133,0,0.0,0.0,0,0,0,0,0,21
2024-05-28,sh600006,5,4,0.4444444444444444,1,4,0.10758845429459171,1,1.0,0.11314984709480126,0,0,0,0,0,21
2024-06-28,sh600006,6,6,0.5,1,6,0.11755214284135651,1,0.0,0.11314984709480126,1,0,-1,0,0,21
2024-07-28,sh600006,5,5,0.5,1,2,0.16355314113597252,1,1.0,0.11314984709480126,0,0,0,0,0,21
2024-08-28,sh600006,4,5,0.5555555555555556,-1,3,0.22562552277083855,1,0.0,0.11314984709480126,0,1,1,2,0,21
2024-09-28,sh600006,4,4,0.5,-1,4,0.2282719707556704,1,1.0,0.11314984709480126,1,0,-1,0,2,21
2024-10-28,sh600006,3,2,0.4,1,3,0.13345216007030694,1,0.0,0.11314984709480126,1,0,-1,0,1,21
2024-11-28,sh600006,4,5,0.5555555555555556,-1,5,0.14396657207619895,1,0.0,0.18016850291639672,0,0,0,0,1,21
2024-12-28,sh600006,6,6,0.5,-1,6,0.10728415829565387,1,0.0,0.18016850291639672,0,1,1,0,0,21
2025-01-28,sh600006,5,4,0.4444444444444444,1,3,0.10998791821592636,1,-1.0,0.18016850291639672,1,0,-1,0,2,21
2025-02-28,sh600006,4,4,0.5,1,4,0.10946620428725926,1,0.0,0.18016850291639672,0,0,0,0,0,21
2025-03-28,sh600006,3,4,0.5714285714285714,-1,3,0.10802581246863611,1,0.0,0.18016850291639672,0,0,0,0,0,21
2025-04-28,sh600006,6,6,0.5,-1,4,0.14558754533842624,1,0.0,0.18016850291639672,0,0,0,0,0,21
2025-05-28,sh600006,6,5,0.45454545454545453,1,3,0.03262047660320729,1,0.0,0.18016850291639672,0,0,0,0,0,21
2025-06-28,sh600006,5,5,0.5,1,6,0.04797253101775783,1,0.0,0.18016850291639672,1,0,-1,0,0,21
2025-07-28,sh600006,6,6,0.5,1,2,0.07212539108544176,1,0.0,0.18016850291639672,0,1,1,2,0,21
2025-08-28,sh600006,5,5,0.5,1,4,0.05696420984611017,1,0.0,0.18016850291639672,0,0,0,0,0,21
2025-09-28,sh600006,5,6,0.5454545454545454,-1,3,0.06894600307897336,1,0.0,0.18016850291639672,0,0,0,0,0,21
2025-10-28,sh600006,1,0,0.0,1,1,0.11680000000000007,2,0.0,0.18016850291639672,0,0,0,0,0,21
2025-11-28,sh600006,0,0,0.0,0,0,0.0,2,0.0,0.18016850291639672,0,0,0,0,0,21
2025-12-28,sh600006,0,0,0.0,0,0,0.0,2,0.0,0.18016850291639672,0,0,0,0,0,21
2026-01-28,sh600006,0,0,0.0,0,0,0.0,2,-1.0,0.18016850291639672,0,0,0,0,1,21
2026-02-28,sh600006,0,0,0.0,0,0,0.0,2,-1.0,0.18016850291639672,0,0,0,0,5,21
2026-03-28,sh600006,0,0,0.0,0,0,0.0,2,-1.0,0.18016850291639672,0,0,0,0,3,21
2026-04-28,sh600006,0,0,0.0,0,0,0.0,2,-1.0,0.18016850291639672,0,0,0,0,0,21
2026-05-28,sh600006,0,0,0.0,0,0,0.0,2,-1.0,0.18016850291639672,0,0,0,0,3,21
2014-09-28,sh600005,5,5,0.5,0,0,0.0,0,0.0,0.0,0,0,0,0,0,15
2014-10-28,sh600005,2,2,0.5,-1,2,0.18063867399730785,0,0.0,0.0,0,0,0,0,0,15
2014-11-28,sh600005,4,4,0.5,1,3,0.2642543261832603,1,-1.0,0.022471910112359498,0,0,0,0,0,15
2014-12-28,sh600005,5,5,0.5,-1,3,0.11044809769162793,1,1.0,0.022471910112359498,0,0,0,0,0,15
2015-01-28,sh600005,4,4,0.5,-1,4,0.23698885087269836,1,1.0,0.022471910112359498,0,0,0,0,0,15
2015-02-28,sh600005,4,4,0.5,-1,4,0.24407927452783879,1,1.0,0.022471910112359498,1,0,-1,0,2,15
2015-03-28,sh600005,5,5,0.5,-1,6,0.19532496090851745,1,1.0,0.022471910112359498,1,1,1,0,1,15
2015-04-28,sh600005,4,4,0.5,-1,6,0.336749167826798,1,1.0,0.14482758620689654,1,1,1,2,0,15
2015-05-28,sh600005,5,4,0.4444444444444444,1,1,0.44212962962962965,1,0.0,0.14482758620689654,0,0,0,0,0,15
2015-06-28,sh600005,5,6,0.5454545454545454,1,2,0.26721219792187917,1,1.0,0.14482758620689654,0,0,0,0,0,15
2015-07-28,sh600005,6,6,0.5,-1,3,0.1570279679955209,1,-1.0,0.14482758620689654,0,1,1,1,0,15
2015-08-28,sh600005,6,5,0.45454545454545453,1,5,0.09351464673680152,2,1.0,0.0753768844221105,0,1,1,3,0,15
2015-09-28,sh600005,5,5,0.5,-1,3,0.17815969431144352,1,-1.0,0.0753768844221105,0,0,0,0,0,15
2015-10-28,sh600005,3,4,0.5714285714285714,-1,4,0.09519473475953255,2,1.0,0.10616929698708755,1,0,-1,0,2,15
2015-11-28,sh600005,7,6,0.46153846153846156,1,1,0.3427561837455829,2,0.0,0.10616929698708755,1,0,-1,0,2,15
2015-12-28,sh600005,6,6,0.5,1,4,0.14971645562351052,1,0.0,0.10616929698708755,1,1,1,2,0,15
2016-01-28,sh600005,4,4,0.5,1,4,0.11614814491935063,1,-1.0,0.10616929698708755,0,0,0,0,0,15
2016-02-28,sh600005,4,5,0.5555555555555556,-1,3,0.10964122947095156,4,-1.0,0.10616929698708755,0,0,0,0,0,15
2016-03-28,sh600005,1,0,0.0,1,1,0.10315186246418334,4,-1.0,0.10616929698708755,1,0,-1,0,3,15
2016-04-28,sh600005,0,0,0.0,0,0,0.0,4,0.0,0.10616929698708755,0,0,0,0,1,15
2016-05-28,sh600005,0,0,0.0,0,0,0.0,4,-1.0,0.10616929698708755,0,0,0,0,0,15
2016-06-28,sh600005,0,0,0.0,0,0,0.0,4,-1.0,0.10616929698708755,0,0,0,0,0,15
2016-10-28,sh600005,0,0,0.0,0,0,0.0,4,-1.0,0.10616929698708755,0,0,0,0,3,15
2016-11-28,sh600005,0,0,0.0,0,0,0.0,4,0.0,0.10616929698708755,0,0,0,0,3,15
2016-12-28,sh600005,0,0,0.0,0,0,0.0,4,0.0,0.10616929698708755,0,0,0,1,0,15
2017-01-28,sh600005,0,0,0.0,0,0,0.0,4,1.0,0.10616929698708755,0,0,0,1,0,15
2006-12-28,sh600003,0,0,0.0,0,0,0.0,0,0.0,0.0,0,0,0,0,0,24
2007-01-28,sh600003,1,0,0.0,0,0,0.0,0,0.0,0.0,0,0,0,0,0,24
2007-02-28,sh600003,2,2,0.5,1,3,0.22640799485409105,0,0.0,0.0,0,0,0,0,0,24
2007-03-28,sh600003,5,6,0.5454545454545454,-1,3,0.12532015117447678,1,0.0,0.43438219493476593,0,0,0,0,0,24
2007-04-28,sh600003,6,5,0.45454545454545453,1,3,0.36884560763351915,1,1.0,0.43438219493476593,1,0,-1,0,0,24
2007-05-28,sh600003,3,3,0.5,1,2,0.38323888169257336,1,0.0,0.43438219493476593,0,0,0,0,0,24
2007-06-28,sh600003,4,5,0.5555555555555556,-1,3,0.2629849535037975,1,0.0,0.43438219493476593,0,0,0,0,0,24
2007-07-28,sh600003,5,4,0.4444444444444444,1,3,0.13227585755610607,1,0.0,0.43438219493476593,1,0,-1,0,0,24
2007-08-28,sh600003,5,5,0.5,1,4,0.10094665998626534,1,0.0,0.43438219493476593,0,0,0,0,0,24
2007-09-28,sh600003,4,4,0.5,1,8,0.09325875455191024,1,0.0,0.43438219493476593,0,0,0,0,0,24
2007-10-28,sh600003,4,5,0.5555555555555556,-1,1,0.09739130434782602,1,0.0,0.43438219493476593,0,0,0,0,0,24
2007-11-28,sh600003,7,6,0.46153846153846156,-1,6,0.1320230903979741,1,0.0,0.43438219493476593,1,1,1,1,0,24
2007-12-28,sh600003,3,3,0.5,1,3,0.12565251909497907,1,0.0,0.43438219493476593,0,0,0,1,0,24
2008-01-28,sh600003,4,4,0.5,-1,5,0.16222116426903957,1,0.0,0.43438219493476593,0,1,1,1,0,24
2008-02-28,sh600003,3,4,0.5714285714285714,-1,4,0.10355769130698167,1,0.0,0.43438219493476593,0,0,0,1,0,24
2008-03-28,sh600003,5,4,0.4444444444444444,1,1,0.06967213114754095,1,0.0,0.43438219493476593,0,0,0,0,0,24
2008-04-28,sh600003,3,3,0.5,1,6,0.15707752256741217,2,1.0,0.033195020746887995,0,1,1,2,0,24
2008-05-28,sh600003,4,5,0.5555555555555556,1,4,0.12298617244137616,1,-1.0,0.033195020746887995,1,1,1,0,1,24
2008-06-28,sh600003,5,5,0.5,1,2,0.13720203361637637,1,1.0,0.024024024024024045,0,0,0,0,1,24
2008-07-28,sh600003,5,4,0.4444444444444444,1,4,0.18060435524542812,1,1.0,0.024024024024024045,0,1,1,2,0,24
2008-08-28,sh600003,4,5,0.5555555555555556,-1,5,0.1519630666093979,3,-1.0,0.024024024024024045,0,1,1,0,0,24
2008-09-28,sh600003,4,4,0.5,-1,2,0.11682841970335109,3,-1.0,0.024024024024024045,0,0,0,0,0,24
2008-10-28,sh600003,4,4,0.5,1,3,0.4092287176680384,3,-1.0,0.024024024024024045,0,0,0,0,0,24
2008-11-28,sh600003,0,0,0.0,0,0,0.0,3,-1.0,0.024024024024024045,0,0,0,0,0,24
2008-12-28,sh600003,0,0,0.0,0,0,0.0,3,-1.0,0.024024024024024045,0,0,0,0,0,24
2009-01-28,sh600003,0,0,0.0,0,0,0.0,3,-1.0,0.024024024024024045,0,0,0,0,0,24
2009-02-28,sh600003,0,0,0.0,0,0,0.0,3,1.0,0.024024024024024045,0,0,0,1,0,24
2009-03-28,sh600003,0,0,0.0,0,0,0.0,3,1.0,0.024024024024024045,0,0,0,0,0,24
2024-04-28,sh600010,1,2,0.6666666666666666,-1,2,0.03728002469898106,0,0.0,0.0,0,0,0,0,0,16
2024-05-28,sh600010,4,3,0.42857142857142855,1,3,0.09150931809980951,1,1.0,0.055944055944056,0,0,0,0,0,16
2024-06-28,sh600010,4,4,0.5,1,4,0.1308840187698892,1,0.0,0.055944055944056,1,0,-1,0,0,16
2024-07-28,sh600010,5,5,0.5,-1,3,0.2871261045758448,1,0.0,0.055944055944056,0,0,0,0,0,16
2024-08-28,sh600010,6,7,0.5384615384615384,-1,2,0.19910725204842847,1,0.0,0.055944055944056,0,0,0,0,0,16
2024-09-28,sh600010,5,5,0.5,-1,2,0.08451704545454541,2,0.0,0.24365482233502536,0,0,0,0,0,16
2024-10-28,sh600010,4,4,0.5,1,5,0.09171291962589308,1,-1.0,0.24365482233502536,0,1,1,2,0,16
2024-11-28,sh600010,5,4,0.4444444444444444,-1,5,0.0597464377932997,1,0.0,0.24365482233502536,1,0,-1,0,0,16
2024-12-28,sh600010,4,4,0.5,-1,4,0.2749451262027151,1,0.0,0.24365482233502536,1,0,-1,0,2,16
2025-01-28,sh600010,4,5,0.5555555555555556,-1,4,0.1421391060592406,1,0.0,0.24365482233502536,0,2,1,1,0,16
2025-02-28,sh600010,5,4,0.4444444444444444,1,5,0.1361146799557725,1,0.0,0.24365482233502536,0,1,1,3,0,16
2025-03-28,sh600010,6,7,0.5384615384615384,-1,1,0.19860627177700357,1,0.0,0.24365482233502536,0,0,0,0,0,16
2025-04-28,sh600010,6,5,0.45454545454545453,1,5,0.14368648257729805,1,0.0,0.24365482233502536,0,1,1,2,0,16
2025-05-28,sh600010,3,3,0.5,1,2,0.24982341286932552,1,0.0,0.24365482233502536,0,0,0,0,0,16
2025-06-28,sh600010,3,4,0.5714285714285714,-1,3,0.21661584209141413,2,0.0,0.24365482233502536,0,0,0,0,0,16
2025-07-28,sh600010,2,1,0.3333333333333333,1,1,0.11328125000000001,2,1.0,0.24365482233502536,0,0,0,0,0,16
2025-08-28,sh600010,0,0,0.0,0,0,0.0,2,1.0,0.24365482233502536,0,0,0,0,0,16
2025-09-28,sh600010,0,0,0.0,0,0,0.0,2,1.0,0.24365482233502536,0,0,0,2,0,16
2025-10-28,sh600010,0,0,0.0,0,0,0.0,2,1.0,0.24365482233502536,0,0,0,0,0,16
2025-11-28,sh600010,0,0,0.0,0,0,0.0,2,1.0,0.24365482233502536,0,0,0,0,0,16
2025-12-28,sh600010,0,0,0.0,0,0,0.0,2,1.0,0.24365482233502536,0,0,0,0,0,16
2026-01-28,sh600010,0,0,0.0,0,0,0.0,2,1.0,0.24365482233502536,0,0,0,1,0,16
2026-02-28,sh600010,0,0,0.0,0,0,0.0,2,1.0,0.24365482233502536,0,0,0,0,0,16
2026-03-28,sh600010,0,0,0.0,0,0,0.0,2,1.0,0.24365482233502536,0,0,0,0,0,16
2026-04-28,sh600010,0,0,0.0,0,0,0.0,2,1.0,0.24365482233502536,0,0,0,0,0,16
2026-05-28,sh600010,0,0,0.0,0,0,0.0,2,1.0,0.24365482233502536,0,0,0,0,0,16
2024-04-28,sh600015,1,2,0.6666666666666666,-1,1,0.04347826086956532,1,1.0,0.016603773584905574,0,0,0,0,0,15
2024-05-28,sh600015,3,3,0.5,-1,2,0.07873651771956858,1,1.0,0.016603773584905574,0,0,0,0,0,15
2024-06-28,sh600015,4,3,0.42857142857142855,-1,4,0.059143401852898694,2,0.0,0.05859065716547904,0,1,1,0,0,15
2024-07-28,sh600015,4,5,0.5555555555555556,-1,4,0.07667885248051096,2,0.0,0.05859065716547904,0,1,1,2,0,15
2024-08-28,sh600015,7,6,0.46153846153846156,1,3,0.15618955826135764,1,-1.0,0.05859065716547904,0,0,0,0,0,15
2024-09-28,sh600015,5,5,0.5,1,2,0.11029177642052856,2,0.0,0.12196721311475406,0,0,0,0,0,15
2024-10-28,sh600015,4,4,0.5,1,2,0.08472819384728197,1,-1.0,0.12196721311475406,0,0,0,0,0,15
2024-11-28,sh600015,5,6,0.5454545454545454,-1,3,0.04392114204396543,1,0.0,0.12196721311475406,0,1,1,2,0,15
2024-12-28,sh600015,6,5,0.45454545454545453,1,3,0.11305430453386041,1,0.0,0.12196721311475406,0,0,0,0,0,15
2025-01-28,sh600015,4,4,0.5,1,4,0.04755324359725022,1,0.0,0.12196721311475406,1,0,-1,0,0,15
2025-02-28,sh600015,5,5,0.5,1,2,0.07633369695080766,1,0.0,0.12196721311475406,1,0,-1,0,2,15
2025-03-28,sh600015,4,4,0.5,1,4,0.06032708234754139,1,0.0,0.12196721311475406,0,1,1,2,0,15
2025-04-28,sh600015,3,4,0.5714285714285714,-1,1,0.18625000000000003,1,0.0,0.12196721311475406,0,0,0,0,0,15
2025-05-28,sh600015,6,6,0.5,1,3,0.06936512765840348,1,0.0,0.12196721311475406,0,0,0,0,0,15
2025-06-28,sh600015,8,7,0.4666666666666667,0,0,0.0,1,0.0,0.12196721311475406,0,0,0,0,0,15
2025-07-28,sh600015,4,5,0.5555555555555556,-1,5,0.04801295052779892,1,0.0,0.12196721311475406,0,1,1,2,0,15
2025-08-28,sh600015,5,4,0.4444444444444444,1,5,0.05924540598844995,1,0.0,0.12196721311475406,1,0,-1,0,0,15
2025-09-28,sh600015,3,4,0.5714285714285714,-1,3,0.05266933854757233,3,-1.0,0.12196721311475406,0,0,0,0,0,15
2025-10-28,sh600015,0,0,0.0,0,0,0.0,3,-1.0,0.12196721311475406,0,0,0,0,1,15
2025-11-28,sh600015,0,0,0.0,0,0,0.0,3,-1.0,0.12196721311475406,0,0,0,0,6,15
2025-12-28,sh600015,0,0,0.0,0,0,0.0,3,-1.0,0.12196721311475406,0,0,0,0,3,15
2026-01-28,sh600015,0,0,0.0,0,0,0.0,3,-1.0,0.12196721311475406,0,0,0,0,0,15
2026-02-28,sh600015,0,0,0.0,0,0,0.0,3,-1.0,0.12196721311475406,0,0,0,0,0,15
2026-03-28,sh600015,0,0,0.0,0,0,0.0,3,0.0,0.12196721311475406,0,0,0,0,4,15
2026-04-28,sh600015,0,0,0.0,0,0,0.0,3,-1.0,0.12196721311475406,0,0,0,0,3,15
2026-05-28,sh600015,0,0,0.0,0,0,0.0,3,-1.0,0.12196721311475406,0,0,0,0,0,15
2024-04-28,sh600017,2,2,0.5,0,0,0.0,1,1.0,0.025316455696202476,0,0,0,0,0,18
2024-05-28,sh600017,5,5,0.5,1,3,0.05250237004145084,1,1.0,0.025316455696202476,0,0,0,0,0,18
2024-06-28,sh600017,4,5,0.5555555555555556,-1,5,0.059955793502028086,1,-1.0,0.025316455696202476,0,1,1,0,0,18
2024-07-28,sh600017,5,5,0.5,-1,4,0.06426067988858043,2,-1.0,0.006896551724137936,1,0,-1,0,0,18
2024-08-28,sh600017,3,3,0.5,1,3,0.21572064188192375,3,-1.0,0.025559105431309927,0,0,0,0,0,18
2024-09-28,sh600017,6,6,0.5,1,2,0.09433871170205577,3,0.0,0.025559105431309927,0,0,0,0,0,18
2024-10-28,sh600017,4,4,0.5,-1,3,0.07843002253986846,2,0.0,0.025559105431309927,0,0,0,0,0,18
2024-11-28,sh600017,5,4,0.4444444444444444,1,3,0.06391085754810764,1,1.0,0.025559105431309927,0,0,0,0,0,18
2024-12-28,sh600017,4,5,0.5555555555555556,-1,3,0.11153865434883803,2,0.0,0.08414239482200656,0,0,0,0,0,18
2025-01-28,sh600017,4,4,0.5,-1,2,0.05799567269866242,1,0.0,0.08414239482200656,0,0,0,0,0,18
2025-02-28,sh600017,3,3,0.5,-1,4,0.06028856254320404,1,0.0,0.08414239482200656,1,0,-1,0,0,18
2025-03-28,sh600017,6,5,0.45454545454545453,1,5,0.048761443445047126,1,0.0,0.08414239482200656,0,0,0,0,0,18
2025-04-28,sh600017,6,6,0.5,1,4,0.05148532998089903,1,0.0,0.08414239482200656,1,1,1,2,1,18
2025-05-28,sh600017,4,4,0.5,1,4,0.050960414200087345,1,0.0,0.08414239482200656,0,1,1,0,1,18
2025-06-28,sh600017,5,5,0.5,1,4,0.05571790784999402,1,0.0,0.08414239482200656,1,0,-1,0,0,18
2025-07-28,sh600017,6,6,0.5,-1,5,0.09506982181074058,4,0.0,0.08414239482200656,1,0,-1,1,0,18
2025-08-28,sh600017,0,0,0.0,0,0,0.0,4,0.0,0.08414239482200656,0,0,0,5,0,18
2025-09-28,sh600017,0,0,0.0,0,0,0.0,4,0.0,0.08414239482200656,0,0,0,1,0,18
2025-10-28,sh600017,0,0,0.0,0,0,0.0,4,0.0,0.08414239482200656,0,0,0,3,0,18
2025-11-28,sh600017,0,0,0.0,0,0,0.0,4,0.0,0.08414239482200656,0,0,0,3,0,18
2025-12-28,sh600017,0,0,0.0,0,0,0.0,4,0.0,0.08414239482200656,0,0,0,0,2,18
2026-01-28,sh600017,0,0,0.0,0,0,0.0,4,0.0,0.08414239482200656,0,0,0,0,0,18
2026-02-28,sh600017,0,0,0.0,0,0,0.0,4,1.0,0.08414239482200656,0,0,0,0,0,18
2026-03-28,sh600017,0,0,0.0,0,0,0.0,4,0.0,0.08414239482200656,0,0,0,0,0,18
2026-04-28,sh600017,0,0,0.0,0,0,0.0,4,0.0,0.08414239482200656,0,0,0,0,1,18
2026-05-28,sh600017,0,0,0.0,0,0,0.0,4,-1.0,0.08414239482200656,0,0,0,0,2,18
2024-04-28,sh600009,2,1,0.3333333333333333,1,1,0.04730290456431538,1,1.0,0.050605735316669176,0,0,0,0,0,9
2024-05-28,sh600009,3,4,0.5714285714285714,-1,1,0.12942419440042258,1,1.0,0.050605735316669176,0,0,0,0,0,9
2024-06-28,sh600009,3,3,0.5,-1,4,0.057618309422894635,1,0.0,0.050605735316669176,0,1,1,2,0,9
2024-07-28,sh600009,6,5,0.45454545454545453,1,5,0.052876206959158664,1,1.0,0.050605735316669176,0,0,0,0,0,9
2024-08-28,sh600009,3,3,0.5,1,4,0.14915536830469642,1,0.0,0.050605735316669176,0,2,1,0,0,9
2024-09-28,sh600009,4,5,0.5555555555555556,-1,5,0.09296910952240221,2,1.0,0.08339262843318626,0,0,0,0,0,9
2024-10-28,sh600009,4,4,0.5,-1,4,0.04676363597068646,2,1.0,0.02450518378887834,1,1,1,0,0,9
2024-11-28,sh600009,5,4,0.4444444444444444,1,5,0.0438725794791122,2,1.0,0.02450518378887834,0,0,0,0,0,9
2024-12-28,sh600009,5,5,0.5,1,4,0.029660288800474922,2,1.0,0.02450518378887834,0,0,0,0,0,9
2025-01-28,sh600009,5,6,0.5454545454545454,-1,1,0.027322404371584657,2,1.0,0.02450518378887834,0,0,0,0,0,9
2025-02-28,sh600009,5,4,0.4444444444444444,1,3,0.021105860982082673,2,1.0,0.02450518378887834,0,0,0,0,0,9
2025-03-28,sh600009,4,4,0.5,1,4,0.037259038432321735,2,1.0,0.02450518378887834,0,1,1,2,0,9
2025-04-28,sh600009,4,4,0.5,1,4,0.046431918391209186,2,0.0,0.02450518378887834,0,1,1,0,0,9
2025-05-28,sh600009,6,6,0.5,-1,3,0.024615512974267773,2,1.0,0.02450518378887834,0,1,1,1,0,9
2025-06-28,sh600009,3,4,0.5714285714285714,-1,2,0.11001630099568252,1,0.0,0.02450518378887834,0,0,0,1,0,9
2025-07-28,sh600009,6,5,0.45454545454545453,1,5,0.05546236366590749,1,0.0,0.02450518378887834,1,1,1,0,2,9
2025-08-28,sh600009,3,4,0.5714285714285714,1,2,0.06261758810453738,1,1.0,0.02450518378887834,0,0,0,0,0,9
2025-09-28,sh600009,7,7,0.5,1,2,0.08139523331130058,1,0.0,0.02450518378887834,0,1,1,0,0,9
2025-10-28,sh600009,3,2,0.4,1,2,0.030995373257045246,3,1.0,0.02450518378887834,0,1,1,2,3,9
2025-11-28,sh600009,0,0,0.0,0,0,0.0,3,0.0,0.02450518378887834,0,0,0,2,0,9
2025-12-28,sh600009,0,0,0.0,0,0,0.0,3,1.0,0.02450518378887834,0,0,0,3,1,9
2026-01-28,sh600009,0,0,0.0,0,0,0.0,3,-1.0,0.02450518378887834,0,0,0,2,2,9
2026-02-28,sh600009,0,0,0.0,0,0,0.0,3,-1.0,0.02450518378887834,0,0,0,0,2,9
2026-03-28,sh600009,0,0,0.0,0,0,0.0,3,-1.0,0.02450518378887834,0,0,0,0,0,9
2026-04-28,sh600009,0,0,0.0,0,0,0.0,3,-1.0,0.02450518378887834,0,0,0,0,0,9
2026-05-28,sh600009,0,0,0.0,0,0,0.0,3,-1.0,0.02450518378887834,0,0,0,0,0,9
2024-04-28,sh600011,1,2,0.6666666666666666,-1,1,0.10119047619047615,1,1.0,0.05555555555555555,0,0,0,0,0,19
2024-05-28,sh600011,6,5,0.45454545454545453,1,7,0.061528227555802874,1,0.0,0.05555555555555555,1,1,1,0,0,19
2024-06-28,sh600011,5,6,0.5454545454545454,1,2,0.07749212920283183,1,1.0,0.05555555555555555,0,0,0,0,0,19
2024-07-28,sh600011,5,4,0.4444444444444444,1,2,0.14965082928045892,1,-1.0,0.05555555555555555,0,0,0,0,0,19
2024-08-28,sh600011,4,4,0.5,1,4,0.19289978354547177,1,0.0,0.07208480565371021,0,0,0,0,0,19
2024-09-28,sh600011,6,7,0.5384615384615384,-1,3,0.05519046090483928,1,1.0,0.07208480565371021,0,0,0,0,0,19
2024-10-28,sh600011,5,4,0.4444444444444444,1,3,0.050135693727145554,1,0.0,0.07208480565371021,0,0,0,0,0,19
2024-11-28,sh600011,4,5,0.5555555555555556,-1,5,0.06810248755050288,1,0.0,0.07208480565371021,0,1,1,0,0,19
2024-12-28,sh600011,5,5,0.5,-1,4,0.05795570644763784,2,0.0,0.03288490284005976,1,0,-1,0,0,19
2025-01-28,sh600011,6,6,0.5,-1,2,0.07294382601364537,2,-1.0,0.03288490284005976,0,0,0,0,0,19
2025-02-28,sh600011,5,5,0.5,-1,2,0.051766340116393035,1,0.0,0.03288490284005976,0,0,0,0,0,19
2025-03-28,sh600011,6,5,0.45454545454545453,1,5,0.07477324512752734,3,-1.0,0.07539410555174787,1,1,1,2,0,19
2025-04-28,sh600011,7,7,0.5,1,4,0.04970096780775552,2,0.0,0.07539410555174787,0,0,0,0,0,19
2025-05-28,sh600011,4,4,0.5,1,2,0.1611359505634315,2,0.0,0.07539410555174787,0,0,0,0,0,19
2025-06-28,sh600011,4,4,0.5,1,4,0.07013118042074777,1,0.0,0.07539410555174787,0,0,0,0,0,19
2025-07-28,sh600011,7,7,0.5,1,2,0.05006676960313823,1,0.0,0.07539410555174787,0,0,0,0,0,19
2025-08-28,sh600011,5,5,0.5,1,2,0.1715124441376962,1,0.0,0.07539410555174787,0,0,0,0,0,19
2025-09-28,sh600011,4,5,0.5555555555555556,-1,5,0.07807104159014984,1,0.0,0.07539410555174787,0,0,0,0,0,19
2025-10-28,sh600011,1,0,0.0,1,1,0.1549707602339182,5,1.0,0.07539410555174787,0,0,0,1,0,19
2025-11-28,sh600011,0,0,0.0,0,0,0.0,5,1.0,0.07539410555174787,0,0,0,3,0,19
2025-12-28,sh600011,0,0,0.0,0,0,0.0,5,0.0,0.07539410555174787,0,0,0,8,0,19
2026-01-28,sh600011,0,0,0.0,0,0,0.0,5,0.0,0.07539410555174787,0,0,0,2,1,19
2026-02-28,sh600011,0,0,0.0,0,0,0.0,5,0.0,0.07539410555174787,0,0,0,0,5,19
2026-03-28,sh600011,0,0,0.0,0,0,0.0,5,0.0,0.07539410555174787,0,0,0,2,0,19
2026-04-28,sh600011,0,0,0.0,0,0,0.0,5,-1.0,0.07539410555174787,0,0,0,0,3,19
2026-05-28,sh600011,0,0,0.0,0,0,0.0,5,0.0,0.07539410555174787,0,0,0,1,0,19
2024-04-28,sh600012,1,1,0.5,-1,1,0.16097240473061766,1,0.0,0.08580858085808579,0,0,0,0,0,18
2024-05-28,sh600012,5,5,0.5,-1,4,0.0838923000664521,1,0.0,0.08580858085808579,1,0,-1,0,0,18
2024-06-28,sh600012,4,4,0.5,-1,2,0.13490908031715595,2,-1.0,0.12681638044914145,0,1,1,1,0,18
2024-07-28,sh600012,5,4,0.4444444444444444,1,5,0.09500051396549838,2,0.0,0.12681638044914145,1,0,-1,1,2,18
2024-08-28,sh600012,5,5,0.5,1,2,0.19979950092220894,1,0.0,0.12681638044914145,1,0,-1,0,0,18
2024-09-28,sh600012,3,4,0.5714285714285714,-1,5,0.09085145423305499,1,1.0,0.12681638044914145,0,1,1,0,0,18
2024-10-28,sh600012,5,4,0.4444444444444444,-1,2,0.08883848879042809,1,-1.0,0.12681638044914145,1,0,-1,0,0,18
2024-11-28,sh600012,4,5,0.5555555555555556,-1,2,0.149206270836566,2,-1.0,0.007371007371007432,0,0,0,0,0,18
2024-12-28,sh600012,3,3,0.5,-1,4,0.12047163117401644,3,0.0,0.04697986577181207,1,0,-1,0,2,18
2025-01-28,sh600012,6,5,0.45454545454545453,-1,4,0.06750482806512197,3,-1.0,0.04697986577181207,0,0,0,0,0,18
2025-02-28,sh600012,3,4,0.5714285714285714,-1,4,0.06015964125961389,3,0.0,0.04697986577181207,0,0,0,0,0,18
2025-03-28,sh600012,4,3,0.42857142857142855,1,5,0.06227259595842127,3,-1.0,0.04697986577181207,1,2,1,3,0,18
2025-04-28,sh600012,2,2,0.5,1,2,0.08164753794622823,2,-1.0,0.04697986577181207,0,0,0,1,0,18
2025-05-28,sh600012,1,2,0.6666666666666666,-1,1,0.22235797189981676,2,0.0,0.04697986577181207,0,0,0,0,0,18
2025-06-28,sh600012,7,7,0.5,-1,4,0.0938440923167739,4,-1.0,0.04697986577181207,0,0,0,0,0,18
2025-07-28,sh600012,5,5,0.5,-1,6,0.06392563320415516,4,-1.0,0.04697986577181207,0,1,1,2,0,18
2025-08-28,sh600012,5,4,0.4444444444444444,1,5,0.04707437280695956,1,1.0,0.025703369225425442,0,0,0,0,0,18
2025-09-28,sh600012,5,5,0.5,1,4,0.07047583770689661,1,-1.0,0.025703369225425442,0,0,0,0,0,18
2025-10-28,sh600012,3,4,0.5714285714285714,-1,5,0.07290667448584275,1,1.0,0.025703369225425442,0,0,0,0,0,18
2025-11-28,sh600012,1,0,0.0,1,1,0.04866969500324465,5,1.0,0.025703369225425442,0,0,0,1,0,18
2025-12-28,sh600012,0,0,0.0,0,0,0.0,5,1.0,0.025703369225425442,0,0,0,5,0,18
2026-01-28,sh600012,0,0,0.0,0,0,0.0,5,0.0,0.025703369225425442,0,0,0,1,3,18
2026-02-28,sh600012,0,0,0.0,0,0,0.0,5,-1.0,0.025703369225425442,0,0,0,0,1,18
2026-03-28,sh600012,0,0,0.0,0,0,0.0,5,1.0,0.025703369225425442,0,0,0,2,0,18
2026-04-28,sh600012,0,0,0.0,0,0,0.0,5,1.0,0.025703369225425442,0,0,0,2,0,18
2026-05-28,sh600012,0,0,0.0,0,0,0.0,5,1.0,0.025703369225425442,0,0,0,0,0,18
2024-04-28,sh600016,2,2,0.5,-1,1,0.030000000000000027,0,0.0,0.0,0,0,0,0,0,16
2024-05-28,sh600016,2,3,0.6,-1,2,0.07023115102207896,1,1.0,0.02305475504322756,0,0,0,0,0,16
2024-06-28,sh600016,4,4,0.5,-1,2,0.07178657462337756,1,1.0,0.02305475504322756,0,1,1,1,0,16
2024-07-28,sh600016,5,5,0.5,-1,2,0.05752631402520782,1,1.0,0.02305475504322756,0,1,1,1,0,16
2024-08-28,sh600016,5,4,0.4444444444444444,1,5,0.16017384622846806,1,0.0,0.02305475504322756,1,0,-1,0,0,16
2024-09-28,sh600016,4,5,0.5555555555555556,-1,3,0.07469960839128062,2,0.0,0.11124845488257101,0,0,0,0,0,16
2024-10-28,sh600016,4,4,0.5,-1,6,0.049914106955711655,1,-1.0,0.11124845488257101,1,2,1,0,0,16
2024-11-28,sh600016,5,5,0.5,-1,6,0.043673373550854766,1,0.0,0.11124845488257101,1,1,1,1,0,16
2024-12-28,sh600016,4,4,0.5,-1,4,0.043086151270385724,1,0.0,0.11124845488257101,0,0,0,1,0,16
2025-01-28,sh600016,3,3,0.5,0,0,0.0,1,0.0,0.11124845488257101,0,0,0,0,0,16
2025-02-28,sh600016,4,3,0.42857142857142855,1,3,0.13088750551405484,1,0.0,0.11124845488257101,1,0,-1,0,0,16
2025-03-28,sh600016,4,4,0.5,1,4,0.07593423052597856,1,0.0,0.11124845488257101,1,0,-1,0,2,16
2025-04-28,sh600016,4,5,0.5555555555555556,-1,1,0.23061630218687876,1,0.0,0.11124845488257101,0,0,0,0,0,16
2025-05-28,sh600016,4,4,0.5,-1,2,0.08313433018602195,1,1.0,0.11124845488257101,0,0,0,0,0,16
2025-06-28,sh600016,5,4,0.4444444444444444,1,5,0.04974036782886187,1,-1.0,0.03265306122448982,0,0,0,0,0,16
2025-07-28,sh600016,5,6,0.5454545454545454,-1,3,0.057258968721640324,1,0.0,0.03265306122448982,0,0,0,0,0,16
2025-08-28,sh600016,4,4,0.5,-1,4,0.05868365853700645,1,-1.0,0.03265306122448982,0,1,1,0,0,16
2025-09-28,sh600016,3,2,0.4,-1,2,0.02277644792363042,3,-1.0,0.03265306122448982,0,0,0,0,0,16
2025-10-28,sh600016,0,0,0.0,0,0,0.0,3,-1.0,0.03265306122448982,0,0,0,0,0,16
2025-11-28,sh600016,0,0,0.0,0,0,0.0,3,-1.0,0.03265306122448982,0,0,0,0,0,16
2025-12-28,sh600016,0,0,0.0,0,0,0.0,3,-1.0,0.03265306122448982,0,0,0,0,0,16
2026-01-28,sh600016,0,0,0.0,0,0,0.0,3,-1.0,0.03265306122448982,0,0,0,0,0,16
2026-02-28,sh600016,0,0,0.0,0,0,0.0,3,-1.0,0.03265306122448982,0,0,0,0,0,16
2026-03-28,sh600016,0,0,0.0,0,0,0.0,3,-1.0,0.03265306122448982,0,0,0,0,0,16
2026-04-28,sh600016,0,0,0.0,0,0,0.0,3,-1.0,0.03265306122448982,0,0,0,0,0,16
2026-05-28,sh600016,0,0,0.0,0,0,0.0,3,-1.0,0.03265306122448982,0,0,0,0,0,16
2024-04-28,sh600018,2,3,0.6,0,0,0.0,1,0.0,0.04749340369393148,0,0,0,0,0,21
2024-05-28,sh600018,5,4,0.4444444444444444,1,5,0.057551476961170654,1,0.0,0.04749340369393148,0,1,1,0,0,21
2024-06-28,sh600018,5,5,0.5,1,4,0.05511266577842666,2,-1.0,0.07762180016515273,1,0,-1,0,1,21
2024-07-28,sh600018,5,6,0.5454545454545454,-1,5,0.07451394329877299,1,0.0,0.07762180016515273,0,1,1,1,0,21
2024-08-28,sh600018,6,5,0.45454545454545453,1,5,0.10820393803865296,1,0.0,0.07762180016515273,0,0,0,1,0,21
2024-09-28,sh600018,3,4,0.5714285714285714,-1,5,0.06291526535378698,1,1.0,0.07762180016515273,0,0,0,0,0,21
2024-10-28,sh600018,5,5,0.5,-1,2,0.0623100262484379,1,0.0,0.07762180016515273,0,0,0,0,0,21
2024-11-28,sh600018,5,5,0.5,-1,4,0.03440109602203935,1,-1.0,0.07762180016515273,0,1,1,2,0,21
2024-12-28,sh600018,5,5,0.5,-1,4,0.07773822297521259,2,1.0,0.07801418439716318,0,1,1,2,0,21
2025-01-28,sh600018,7,7,0.5,-1,2,0.05960973169053726,2,1.0,0.07801418439716318,0,0,0,0,0,21
2025-02-28,sh600018,3,3,0.5,-1,6,0.033508408610612474,1,0.0,0.07801418439716318,1,1,1,2,0,21
2025-03-28,sh600018,5,4,0.4444444444444444,1,5,0.036306047942618644,1,0.0,0.07801418439716318,0,0,0,0,0,21
2025-04-28,sh600018,5,6,0.5454545454545454,-1,3,0.04798847056508551,1,0.0,0.07801418439716318,0,1,1,2,0,21
2025-05-28,sh600018,7,6,0.46153846153846156,1,1,0.05904059040590411,1,0.0,0.07801418439716318,0,0,0,0,0,21
2025-06-28,sh600018,3,3,0.5,1,6,0.038433239598592586,1,0.0,0.07801418439716318,0,1,1,0,0,21
2025-07-28,sh600018,5,6,0.5454545454545454,-1,3,0.05762385923094248,1,0.0,0.07801418439716318,0,0,0,0,0,21
2025-08-28,sh600018,5,5,0.5,-1,4,0.05260226946180294,1,0.0,0.07801418439716318,0,1,1,0,0,21
2025-09-28,sh600018,2,1,0.3333333333333333,1,1,0.05967078189300412,3,0.0,0.07801418439716318,0,0,0,0,0,21
2025-10-28,sh600018,0,0,0.0,0,0,0.0,3,0.0,0.07801418439716318,0,0,0,0,0,21
2025-11-28,sh600018,0,0,0.0,0,0,0.0,3,0.0,0.07801418439716318,0,0,0,0,0,21
2025-12-28,sh600018,0,0,0.0,0,0,0.0,3,0.0,0.07801418439716318,0,0,0,0,0,21
2026-01-28,sh600018,0,0,0.0,0,0,0.0,3,-1.0,0.07801418439716318,0,0,0,0,3,21
2026-02-28,sh600018,0,0,0.0,0,0,0.0,3,-1.0,0.07801418439716318,0,0,0,0,0,21
2026-03-28,sh600018,0,0,0.0,0,0,0.0,3,-1.0,0.07801418439716318,0,0,0,0,0,21
2026-04-28,sh600018,0,0,0.0,0,0,0.0,3,-1.0,0.07801418439716318,0,0,0,0,0,21
2026-05-28,sh600018,0,0,0.0,0,0,0.0,3,-1.0,0.07801418439716318,0,0,0,0,0,21
2024-04-28,sh600019,2,2,0.5,0,0,0.0,1,0.0,0.0412224591329069,0,0,0,0,0,12
2024-05-28,sh600019,5,5,0.5,1,6,0.04311182422282495,1,0.0,0.0412224591329069,0,0,0,0,0,12
2024-06-28,sh600019,3,4,0.5714285714285714,1,4,0.06045854430123955,2,1.0,0.008136696501220475,0,0,0,0,0,12
2024-07-28,sh600019,5,5,0.5,-1,1,0.22440392706872367,2,1.0,0.008136696501220475,0,0,0,0,0,12
2024-08-28,sh600019,5,5,0.5,-1,2,0.2394755737915117,1,-1.0,0.008136696501220475,0,0,0,0,0,12
2024-09-28,sh600019,4,3,0.42857142857142855,1,3,0.09016116639979117,2,0.0,0.09171597633136097,0,0,0,0,0,12
2024-10-28,sh600019,3,4,0.5714285714285714,-1,3,0.07269365443586018,1,0.0,0.09171597633136097,0,1,1,1,0,12
2024-11-28,sh600019,4,4,0.5,-1,4,0.06919132938102943,1,0.0,0.09171597633136097,0,0,0,1,0,12
2024-12-28,sh600019,5,5,0.5,1,3,0.0803195919843731,1,0.0,0.09171597633136097,1,0,-1,0,0,12
2025-01-28,sh600019,7,6,0.46153846153846156,1,2,0.12054801407742585,1,0.0,0.09171597633136097,0,0,0,0,0,12
2025-02-28,sh600019,3,4,0.5714285714285714,-1,3,0.04004158989051199,1,1.0,0.09171597633136097,0,1,1,1,0,12
2025-03-28,sh600019,5,5,0.5,1,3,0.09837399560352093,1,1.0,0.09171597633136097,1,0,-1,1,1,12
2025-04-28,sh600019,7,6,0.46153846153846156,-1,1,0.08366533864541831,1,0.0,0.09171597633136097,0,0,0,0,1,12
2025-05-28,sh600019,6,6,0.5,1,3,0.06383485030439699,1,0.0,0.09171597633136097,1,1,1,2,0,12
2025-06-28,sh600019,4,5,0.5555555555555556,-1,3,0.0830070590132993,1,0.0,0.09171597633136097,1,0,-1,0,2,12
2025-07-28,sh600019,5,5,0.5,-1,6,0.04415267583791932,1,1.0,0.09171597633136097,1,0,-1,0,1,12
2025-08-28,sh600019,7,6,0.46153846153846156,1,3,0.0603687371682504,1,0.0,0.09171597633136097,0,1,1,0,1,12
2025-09-28,sh600019,5,6,0.5454545454545454,-1,5,0.06423665397237774,1,0.0,0.09171597633136097,0,1,1,0,0,12
2025-10-28,sh600019,3,2,0.4,1,3,0.03336471694015511,3,1.0,0.09171597633136097,0,0,0,6,0,12
2025-11-28,sh600019,0,0,0.0,0,0,0.0,3,1.0,0.09171597633136097,0,0,0,2,0,12
2025-12-28,sh600019,0,0,0.0,0,0,0.0,3,1.0,0.09171597633136097,0,0,0,5,0,12
2026-01-28,sh600019,0,0,0.0,0,0,0.0,3,1.0,0.09171597633136097,0,0,0,4,0,12
2026-02-28,sh600019,0,0,0.0,0,0,0.0,3,1.0,0.09171597633136097,0,0,0,5,0,12
2026-03-28,sh600019,0,0,0.0,0,0,0.0,3,-1.0,0.09171597633136097,0,0,0,3,2,12
2026-04-28,sh600019,0,0,0.0,0,0,0.0,3,-1.0,0.09171597633136097,0,0,0,0,5,12
2026-05-28,sh600019,0,0,0.0,0,0,0.0,3,-1.0,0.09171597633136097,0,0,0,0,1,12
2024-04-28,sh600025,1,2,0.6666666666666666,-1,1,0.04786150712830964,0,0.0,0.0,0,0,0,0,0,19
2024-05-28,sh600025,4,4,0.5,-1,4,0.06800581306468452,0,0.0,0.0,0,0,0,0,0,19
2024-06-28,sh600025,5,4,0.4444444444444444,1,1,0.17822736030828512,1,-1.0,0.0941780821917808,0,0,0,0,0,19
2024-07-28,sh600025,7,7,0.5,1,4,0.058717043707397776,1,0.0,0.0941780821917808,0,0,0,0,0,19
2024-08-28,sh600025,5,6,0.5454545454545454,1,4,0.12184135810633508,1,-1.0,0.0941780821917808,0,1,1,0,0,19
2024-09-28,sh600025,6,5,0.45454545454545453,-1,3,0.06531524560008602,1,0.0,0.0941780821917808,0,0,0,0,0,19
2024-10-28,sh600025,4,4,0.5,1,3,0.06630111213537818,1,0.0,0.03312629399585924,0,0,0,0,0,19
2024-11-28,sh600025,5,5,0.5,1,6,0.04928011422063988,1,-1.0,0.03312629399585924,0,2,1,2,0,19
2024-12-28,sh600025,5,5,0.5,1,2,0.08844126436872071,2,1.0,0.03289846851956902,0,0,0,0,0,19
2025-01-28,sh600025,5,5,0.5,1,4,0.04543649397744157,1,1.0,0.03289846851956902,2,0,-1,0,2,19
2025-02-28,sh600025,5,5,0.5,1,2,0.05503907717511131,1,-1.0,0.03289846851956902,0,0,0,0,2,19
2025-03-28,sh600025,5,6,0.5454545454545454,1,4,0.04230671900216978,2,-1.0,0.07048921620199895,0,0,0,0,0,19
2025-04-28,sh600025,5,5,0.5,1,4,0.04988021475766897,1,0.0,0.07048921620199895,1,0,-1,0,0,19
2025-05-28,sh600025,5,5,0.5,1,2,0.08052438585701532,1,1.0,0.07048921620199895,0,0,0,0,0,19
2025-06-28,sh600025,5,4,0.4444444444444444,1,2,0.06345942075996787,1,0.0,0.07048921620199895,0,0,0,0,0,19
2025-07-28,sh600025,5,6,0.5454545454545454,-1,3,0.052151034886584124,1,0.0,0.07048921620199895,0,2,1,1,0,19
2025-08-28,sh600025,4,3,0.42857142857142855,1,3,0.08224971112685182,1,-1.0,0.07048921620199895,0,0,0,1,0,19
2025-09-28,sh600025,2,3,0.6,-1,5,0.06354574634329953,4,0.0,0.07048921620199895,0,0,0,0,0,19
2025-10-28,sh600025,2,1,0.3333333333333333,1,1,0.038257173219978687,4,0.0,0.07048921620199895,0,0,0,4,0,19
2025-11-28,sh600025,0,0,0.0,0,0,0.0,4,0.0,0.07048921620199895,0,0,0,2,0,19
2025-12-28,sh600025,0,0,0.0,0,0,0.0,4,-1.0,0.07048921620199895,0,0,0,0,1,19
2026-01-28,sh600025,0,0,0.0,0,0,0.0,4,-1.0,0.07048921620199895,0,0,0,0,4,19
2026-02-28,sh600025,0,0,0.0,0,0,0.0,4,0.0,0.07048921620199895,0,0,0,0,3,19
2026-03-28,sh600025,0,0,0.0,0,0,0.0,4,1.0,0.07048921620199895,0,0,0,2,0,19
2026-04-28,sh600025,0,0,0.0,0,0,0.0,4,0.0,0.07048921620199895,0,0,0,0,0,19
2026-05-28,sh600025,0,0,0.0,0,0,0.0,4,0.0,0.07048921620199895,0,0,0,0,0,19
2024-04-28,sh600022,1,2,0.6666666666666666,0,0,0.0,1,1.0,0.056680161943319894,0,0,0,0,0,13
2024-05-28,sh600022,6,5,0.45454545454545453,-1,3,0.1177419287141346,1,0.0,0.056680161943319894,0,0,0,0,0,13
2024-06-28,sh600022,4,5,0.5555555555555556,-1,2,0.10303030303030311,1,0.0,0.056680161943319894,0,0,0,0,0,13
2024-07-28,sh600022,5,4,0.4444444444444444,1,3,0.29169092050447976,1,1.0,0.056680161943319894,1,0,-1,0,0,13
2024-08-28,sh600022,4,4,0.5,1,2,0.2151934596082241,1,0.0,0.056680161943319894,1,0,-1,0,2,13
2024-09-28,sh600022,6,6,0.5,1,2,0.20148469320720008,1,0.0,0.16822429906542058,0,0,0,0,0,13
2024-10-28,sh600022,6,6,0.5,0,0,0.0,1,0.0,0.16822429906542058,0,0,0,0,0,13
2024-11-28,sh600022,7,7,0.5,-1,5,0.07688039249694435,1,0.0,0.16822429906542058,0,0,0,0,0,13
2024-12-28,sh600022,4,5,0.5555555555555556,-1,8,0.08640458109612803,2,0.0,0.07092198581560273,1,0,-1,0,0,13
2025-01-28,sh600022,4,4,0.5,-1,4,0.09949855515893255,1,0.0,0.07092198581560273,1,1,1,1,0,13
2025-02-28,sh600022,4,4,0.5,-1,4,0.11891804255825372,1,0.0,0.07092198581560273,1,1,1,1,1,13
2025-03-28,sh600022,6,6,0.5,-1,6,0.06014560499024726,2,0.0,0.02247191011235957,2,0,-1,0,3,13
2025-04-28,sh600022,6,5,0.45454545454545453,1,3,0.1312649378048466,1,-1.0,0.02247191011235957,1,0,-1,0,2,13
2025-05-28,sh600022,5,5,0.5,1,6,0.09342386448662811,4,0.0,0.02247191011235957,0,0,0,0,3,13
2025-06-28,sh600022,1,1,0.5,-1,1,0.08387096774193556,4,-1.0,0.02247191011235957,0,0,0,0,12,13
2025-07-28,sh600022,0,0,0.0,0,0,0.0,4,1.0,0.02247191011235957,0,0,0,1,0,13
2025-08-28,sh600022,0,0,0.0,0,0,0.0,4,1.0,0.02247191011235957,0,0,0,0,0,13
2025-09-28,sh600022,0,0,0.0,0,0,0.0,4,1.0,0.02247191011235957,0,0,0,0,0,13
2025-10-28,sh600022,0,0,0.0,0,0,0.0,4,1.0,0.02247191011235957,0,0,0,0,0,13
2025-11-28,sh600022,0,0,0.0,0,0,0.0,4,1.0,0.02247191011235957,0,0,0,0,0,13
2025-12-28,sh600022,0,0,0.0,0,0,0.0,4,1.0,0.02247191011235957,0,0,0,0,0,13
2026-01-28,sh600022,0,0,0.0,0,0,0.0,4,1.0,0.02247191011235957,0,0,0,0,0,13
2026-02-28,sh600022,0,0,0.0,0,0,0.0,4,1.0,0.02247191011235957,0,0,0,0,0,13
2026-03-28,sh600022,0,0,0.0,0,0,0.0,4,1.0,0.02247191011235957,0,0,0,0,0,13
2026-04-28,sh600022,0,0,0.0,0,0,0.0,4,1.0,0.02247191011235957,0,0,0,0,0,13
2026-05-28,sh600022,0,0,0.0,0,0,0.0,4,1.0,0.02247191011235957,0,0,0,1,0,13
2024-04-28,sh600020,2,2,0.5,1,1,0.034946236559139754,0,0.0,0.0,0,0,0,0,0,14
2024-05-28,sh600020,4,5,0.5555555555555556,-1,5,0.055415991651395324,0,0.0,0.0,1,0,-1,0,0,14
2024-06-28,sh600020,5,4,0.4444444444444444,-1,4,0.06930909456580905,1,-1.0,0.1278772378516624,0,0,0,0,0,14
2024-07-28,sh600020,5,5,0.5,-1,2,0.09465456806874706,1,0.0,0.1278772378516624,0,0,0,0,0,14
2024-08-28,sh600020,5,5,0.5,-1,4,0.13373813678509888,1,0.0,0.1278772378516624,0,0,0,0,0,14
2024-09-28,sh600020,3,4,0.5714285714285714,-1,2,0.09167290769518827,1,1.0,0.1278772378516624,0,0,0,0,0,14
2024-10-28,sh600020,6,6,0.5,-1,2,0.09992283950617292,1,0.0,0.1278772378516624,0,1,1,0,0,14
2024-11-28,sh600020,6,6,0.5,-1,2,0.06091726026008264,1,0.0,0.1278772378516624,0,0,0,0,0,14
2024-12-28,sh600020,5,5,0.5,0,0,0.0,1,1.0,0.1278772378516624,0,0,0,0,0,14
2025-01-28,sh600020,5,4,0.4444444444444444,1,1,0.3187660668380462,1,0.0,0.1278772378516624,0,0,0,0,0,14
2025-02-28,sh600020,3,4,0.5714285714285714,-1,3,0.04638709577197997,1,0.0,0.1278772378516624,0,0,0,0,0,14
2025-03-28,sh600020,6,5,0.45454545454545453,1,5,0.060900774172401584,1,1.0,0.1278772378516624,0,1,1,0,0,14
2025-04-28,sh600020,7,7,0.5,-1,1,0.0723684210526314,1,-1.0,0.050050050050050046,0,0,0,0,0,14
2025-05-28,sh600020,4,4,0.5,1,3,0.09390949179498302,1,0.0,0.050050050050050046,0,0,0,0,0,14
2025-06-28,sh600020,4,5,0.5555555555555556,-1,3,0.03987742952606474,1,-1.0,0.050050050050050046,0,1,1,0,0,14
2025-07-28,sh600020,5,5,0.5,-1,4,0.0554631675477974,1,-1.0,0.050050050050050046,0,1,1,2,0,14
2025-08-28,sh600020,6,6,0.5,-1,4,0.07341376124009842,1,-1.0,0.050050050050050046,0,0,0,0,0,14
2025-09-28,sh600020,1,0,0.0,1,1,0.09703504043126693,2,-1.0,0.050050050050050046,0,0,0,0,0,14
2025-10-28,sh600020,0,0,0.0,0,0,0.0,2,-1.0,0.050050050050050046,0,0,0,0,0,14
2025-11-28,sh600020,0,0,0.0,0,0,0.0,2,-1.0,0.050050050050050046,0,0,0,0,4,14
2025-12-28,sh600020,0,0,0.0,0,0,0.0,2,-1.0,0.050050050050050046,0,0,0,0,0,14
2026-01-28,sh600020,0,0,0.0,0,0,0.0,2,-1.0,0.050050050050050046,0,0,0,0,0,14
2026-02-28,sh600020,0,0,0.0,0,0,0.0,2,-1.0,0.050050050050050046,0,0,0,0,0,14
2026-03-28,sh600020,0,0,0.0,0,0,0.0,2,-1.0,0.050050050050050046,0,0,0,0,0,14
2026-04-28,sh600020,0,0,0.0,0,0,0.0,2,-1.0,0.050050050050050046,0,0,0,0,0,14
2026-05-28,sh600020,0,0,0.0,0,0,0.0,2,-1.0,0.050050050050050046,0,0,0,0,0,14
2024-04-28,sh600026,2,2,0.5,-1,1,0.05771567436208998,1,0.0,0.04536862003780722,0,0,0,0,0,18
2024-05-28,sh600026,5,6,0.5454545454545454,-1,6,0.1149200559335251,2,1.0,0.11780821917808222,1,0,-1,0,0,18
2024-06-28,sh600026,3,2,0.4,1,3,0.11737149210190596,2,1.0,0.11780821917808222,0,0,0,0,0,18
2024-07-28,sh600026,6,7,0.5384615384615384,-1,5,0.0949956986592894,1,0.0,0.11780821917808222,0,0,0,0,0,18
2024-08-28,sh600026,4,3,0.42857142857142855,1,3,0.24270599602889223,2,1.0,0.09191759112519811,0,0,0,0,0,18
2024-09-28,sh600026,7,8,0.5333333333333333,-1,1,0.09874723655121591,2,1.0,0.09191759112519811,0,0,0,0,0,18
2024-10-28,sh600026,6,5,0.45454545454545453,1,1,0.050888529886914294,2,0.0,0.09191759112519811,0,0,0,0,0,18
2024-11-28,sh600026,5,5,0.5,1,2,0.1713663488864311,1,0.0,0.09191759112519811,1,1,1,0,0,18
2024-12-28,sh600026,4,4,0.5,1,2,0.13000252511906224,1,-1.0,0.09191759112519811,0,1,1,0,0,18
2025-01-28,sh600026,3,4,0.5714285714285714,-1,3,0.10609369721226247,1,0.0,0.09191759112519811,0,1,1,0,0,18
2025-02-28,sh600026,3,2,0.4,1,3,0.12295129251306237,2,0.0,0.04221635883905001,1,0,-1,0,2,18
2025-03-28,sh600026,4,4,0.5,1,6,0.05168587019002253,2,0.0,0.16986301369863027,0,1,1,2,0,18
2025-04-28,sh600026,4,5,0.5555555555555556,-1,3,0.05523389996441303,1,0.0,0.16986301369863027,0,0,0,0,0,18
2025-05-28,sh600026,7,7,0.5,-1,2,0.16386260420918722,1,0.0,0.16986301369863027,0,0,0,0,0,18
2025-06-28,sh600026,5,4,0.4444444444444444,1,7,0.09859025965298383,1,0.0,0.16986301369863027,2,0,-1,0,0,18
2025-07-28,sh600026,7,8,0.5333333333333333,-1,1,0.153061224489796,2,-1.0,0.0767676767676767,0,0,0,0,0,18
2025-08-28,sh600026,4,4,0.5,-1,2,0.049858473457697165,2,-1.0,0.0767676767676767,0,1,1,2,0,18
2025-09-28,sh600026,4,4,0.5,-1,2,0.7755559047693881,2,0.0,0.0767676767676767,0,0,0,0,0,18
2025-10-28,sh600026,4,3,0.42857142857142855,1,5,0.152727181955249,1,1.0,0.0767676767676767,0,1,1,0,0,18
2025-11-28,sh600026,1,1,0.5,0,0,0.0,6,0.0,0.0767676767676767,0,0,0,1,0,18
2025-12-28,sh600026,0,0,0.0,0,0,0.0,6,-1.0,0.0767676767676767,0,0,0,0,5,18
2026-01-28,sh600026,0,0,0.0,0,0,0.0,6,1.0,0.0767676767676767,0,0,0,0,1,18
2026-02-28,sh600026,0,0,0.0,0,0,0.0,6,1.0,0.0767676767676767,0,0,0,0,0,18
2026-03-28,sh600026,0,0,0.0,0,0,0.0,6,1.0,0.0767676767676767,0,0,0,0,0,18
2026-04-28,sh600026,0,0,0.0,0,0,0.0,6,1.0,0.0767676767676767,0,0,0,0,0,18
2026-05-28,sh600026,0,0,0.0,0,0,0.0,6,1.0,0.0767676767676767,0,0,0,0,0,18
2024-04-28,sh600023,3,2,0.4,1,2,0.07775007549302759,1,0.0,0.18035426731078893,0,0,0,0,0,17
2024-05-28,sh600023,5,5,0.5,1,4,0.096037000624825,1,0.0,0.18035426731078893,1,0,-1,0,1,17
2024-06-28,sh600023,3,3,0.5,1,4,0.08213591267261416,1,1.0,0.18035426731078893,1,0,-1,0,0,17
2024-07-28,sh600023,6,6,0.5,1,2,0.12733171854908648,1,0.0,0.18035426731078893,0,0,0,0,0,17
2024-08-28,sh600023,5,5,0.5,1,4,0.17866496668866402,1,0.0,0.18035426731078893,0,0,0,0,0,17
2024-09-28,sh600023,4,5,0.5555555555555556,-1,1,0.15213946117274169,1,0.0,0.18035426731078893,0,0,0,0,0,17
2024-10-28,sh600023,3,3,0.5,-1,4,0.09205255665392789,1,0.0,0.18035426731078893,0,1,1,1,0,17
2024-11-28,sh600023,6,6,0.5,-1,4,0.058489218539902084,1,-1.0,0.18035426731078893,1,0,-1,1,2,17
2024-12-28,sh600023,7,6,0.46153846153846156,1,3,0.04890550106446404,1,0.0,0.18035426731078893,0,0,0,0,0,17
2025-01-28,sh600023,5,6,0.5454545454545454,-1,3,0.05505045953952592,1,0.0,0.0641613198900091,0,0,0,0,0,17
2025-02-28,sh600023,4,4,0.5,-1,4,0.060897622303009005,1,0.0,0.0641613198900091,0,0,0,0,0,17
2025-03-28,sh600023,4,4,0.5,-1,4,0.06925857556228875,1,1.0,0.0641613198900091,1,0,-1,0,2,17
2025-04-28,sh600023,6,6,0.5,-1,4,0.050534140832242225,1,-1.0,0.0641613198900091,0,0,0,0,0,17
2025-05-28,sh600023,3,3,0.5,-1,4,0.056466601779579066,1,0.0,0.0641613198900091,1,1,1,1,2,17
2025-06-28,sh600023,6,6,0.5,-1,4,0.030767686380453296,1,0.0,0.0641613198900091,0,1,1,2,0,17
2025-07-28,sh600023,7,7,0.5,-1,2,0.09070479789304933,1,-1.0,0.0641613198900091,0,0,0,1,0,17
2025-08-28,sh600023,6,6,0.5,-1,2,0.06686859273066179,2,-1.0,0.0641613198900091,1,1,1,0,6,17
2025-09-28,sh600023,1,0,0.0,1,1,0.15514018691588788,2,-1.0,0.0641613198900091,0,0,0,0,3,17
2025-10-28,sh600023,0,0,0.0,0,0,0.0,2,-1.0,0.0641613198900091,0,0,0,0,6,17
2025-11-28,sh600023,0,0,0.0,0,0,0.0,2,-1.0,0.0641613198900091,0,0,0,0,2,17
2025-12-28,sh600023,0,0,0.0,0,0,0.0,2,-1.0,0.0641613198900091,0,0,0,0,8,17
2026-01-28,sh600023,0,0,0.0,0,0,0.0,2,-1.0,0.0641613198900091,0,0,0,0,0,17
2026-02-28,sh600023,0,0,0.0,0,0,0.0,2,0.0,0.0641613198900091,0,0,0,0,0,17
2026-03-28,sh600023,0,0,0.0,0,0,0.0,2,0.0,0.0641613198900091,0,0,0,0,0,17
2026-04-28,sh600023,0,0,0.0,0,0,0.0,2,1.0,0.0641613198900091,0,0,0,3,0,17
2026-05-28,sh600023,0,0,0.0,0,0,0.0,2,1.0,0.0641613198900091,0,0,0,0,0,17
2024-04-28,sh600027,3,3,0.5,-1,1,0.14993481095176014,1,0.0,0.10649161196207141,0,0,0,0,0,16
2024-05-28,sh600027,4,4,0.5,-1,6,0.1100036310141657,1,0.0,0.10649161196207141,0,1,1,0,0,16
2024-06-28,sh600027,4,4,0.5,-1,2,0.13361433805902198,1,0.0,0.10649161196207141,0,0,0,0,0,16
2024-07-28,sh600027,3,2,0.4,1,3,0.07510969494662788,1,1.0,0.11913357400722024,0,1,1,0,0,16
2024-08-28,sh600027,4,4,0.5,1,4,0.16918131127881014,1,0.0,0.11913357400722024,0,0,0,0,0,16
2024-09-28,sh600027,4,5,0.5555555555555556,-1,3,0.08675954317202138,1,1.0,0.11913357400722024,0,0,0,0,0,16
2024-10-28,sh600027,3,2,0.4,1,5,0.06346271274408698,1,0.0,0.11913357400722024,2,0,-1,0,2,16
2024-11-28,sh600027,4,4,0.5,-1,3,0.08903460890279885,1,0.0,0.11913357400722024,0,0,0,0,0,16
2024-12-28,sh600027,6,6,0.5,1,3,0.12045247657162124,1,0.0,0.11913357400722024,0,0,0,0,0,16
2025-01-28,sh600027,5,6,0.5454545454545454,-1,1,0.1284246575342466,1,-1.0,0.11913357400722024,0,1,1,0,0,16
2025-02-28,sh600027,7,6,0.46153846153846156,1,3,0.0863759994137364,1,0.0,0.11913357400722024,0,0,0,0,0,16
2025-03-28,sh600027,3,4,0.5714285714285714,1,4,0.0613604154668098,1,0.0,0.11913357400722024,0,1,1,1,0,16
2025-04-28,sh600027,7,6,0.46153846153846156,1,4,0.05007769580373911,1,0.0,0.11913357400722024,0,0,0,1,0,16
2025-05-28,sh600027,3,4,0.5714285714285714,-1,1,0.08424908424908424,1,0.0,0.11913357400722024,0,1,1,2,0,16
2025-06-28,sh600027,3,3,0.5,-1,2,0.12075221238938064,1,0.0,0.11913357400722024,0,0,0,0,0,16
2025-07-28,sh600027,5,5,0.5,-1,6,0.04431874557575183,1,0.0,0.11913357400722024,0,1,1,0,0,16
2025-08-28,sh600027,5,5,0.5,1,1,0.13097713097713115,2,0.0,0.11913357400722024,0,0,0,0,0,16
2025-09-28,sh600027,2,2,0.5,-1,1,0.17279411764705888,2,-1.0,0.11913357400722024,0,0,0,0,1,16
2025-10-28,sh600027,1,0,0.0,1,1,0.21318681318681315,2,0.0,0.11913357400722024,0,0,0,0,3,16
2025-11-28,sh600027,0,0,0.0,0,0,0.0,2,-1.0,0.11913357400722024,0,0,0,0,2,16
2025-12-28,sh600027,0,0,0.0,0,0,0.0,2,-1.0,0.11913357400722024,0,0,0,0,5,16
2026-01-28,sh600027,0,0,0.0,0,0,0.0,2,-1.0,0.11913357400722024,0,0,0,0,2,16
2026-02-28,sh600027,0,0,0.0,0,0,0.0,2,-1.0,0.11913357400722024,0,0,0,0,0,16
2026-03-28,sh600027,0,0,0.0,0,0,0.0,2,-1.0,0.11913357400722024,0,0,0,0,2,16
2026-04-28,sh600027,0,0,0.0,0,0,0.0,2,-1.0,0.11913357400722024,0,0,0,0,0,16
2026-05-28,sh600027,0,0,0.0,0,0,0.0,2,0.0,0.11913357400722024,0,0,0,0,0,16
2024-04-28,sh600021,1,1,0.5,0,0,0.0,1,-1.0,0.09533468559837724,0,0,0,0,0,20
2024-05-28,sh600021,5,6,0.5454545454545454,1,5,0.09100864707601565,1,0.0,0.09533468559837724,0,0,0,0,0,20
2024-06-28,sh600021,6,5,0.45454545454545453,1,4,0.07682375391578247,2,1.0,0.10998398291510957,0,0,0,0,0,20
2024-07-28,sh600021,5,5,0.5,1,2,0.11157153464753636,2,0.0,0.10998398291510957,0,0,0,0,0,20
2024-08-28,sh600021,6,7,0.5384615384615384,-1,3,0.19308169579111079,1,-1.0,0.10998398291510957,0,1,1,2,0,20
2024-09-28,sh600021,5,5,0.5,-1,4,0.10206629484933397,1,0.0,0.10998398291510957,0,0,0,0,0,20
2024-10-28,sh600021,3,3,0.5,-1,4,0.07438549998100384,1,0.0,0.10998398291510957,0,1,1,1,0,20
2024-11-28,sh600021,7,7,0.5,-1,6,0.03870564353555383,1,0.0,0.10998398291510957,0,1,1,1,0,20
2024-12-28,sh600021,5,4,0.4444444444444444,1,1,0.07692307692307691,1,0.0,0.10998398291510957,0,0,0,0,0,20
2025-01-28,sh600021,5,6,0.5454545454545454,1,6,0.05958103315184957,1,0.0,0.06703910614525137,1,1,1,0,1,20
2025-02-28,sh600021,5,5,0.5,-1,3,0.04361860895702364,1,0.0,0.06703910614525137,0,1,1,2,1,20
2025-03-28,sh600021,5,5,0.5,-1,2,0.03708346397441529,1,0.0,0.06703910614525137,1,0,-1,0,2,20
2025-04-28,sh600021,5,4,0.4444444444444444,1,1,1.6025917926565876,1,0.0,0.06703910614525137,0,0,0,0,0,20
2025-05-28,sh600021,3,3,0.5,1,4,0.3143107135770588,1,0.0,0.06703910614525137,2,0,-1,0,3,20
2025-06-28,sh600021,5,5,0.5,1,2,0.2279472379842825,1,0.0,0.06703910614525137,0,0,0,0,1,20
2025-07-28,sh600021,4,4,0.5,1,6,0.1178844164725482,1,1.0,0.06703910614525137,1,0,-1,0,0,20
2025-08-28,sh600021,6,6,0.5,1,2,0.14733675685956538,3,1.0,0.06703910614525137,0,0,0,0,0,20
2025-09-28,sh600021,3,4,0.5714285714285714,-1,5,0.09931204680518062,3,1.0,0.06703910614525137,0,0,0,0,0,20
2025-10-28,sh600021,2,1,0.3333333333333333,1,1,0.0956365809922294,3,1.0,0.06703910614525137,0,0,0,0,0,20
2025-11-28,sh600021,0,0,0.0,0,0,0.0,3,1.0,0.06703910614525137,0,0,0,0,0,20
2025-12-28,sh600021,0,0,0.0,0,0,0.0,3,1.0,0.06703910614525137,0,0,0,0,0,20
2026-01-28,sh600021,0,0,0.0,0,0,0.0,3,1.0,0.06703910614525137,0,0,0,0,0,20
2026-02-28,sh600021,0,0,0.0,0,0,0.0,3,1.0,0.06703910614525137,0,0,0,0,0,20
2026-03-28,sh600021,0,0,0.0,0,0,0.0,3,1.0,0.06703910614525137,0,0,0,0,0,20
2026-04-28,sh600021,0,0,0.0,0,0,0.0,3,1.0,0.06703910614525137,0,0,0,0,0,20
2026-05-28,sh600021,0,0,0.0,0,0,0.0,3,1.0,0.06703910614525137,0,0,0,0,0,20
2024-04-28,sh600028,2,2,0.5,1,3,0.05024098215786409,1,0.0,0.08294930875576037,0,0,0,0,0,8
2024-05-28,sh600028,3,4,0.5714285714285714,-1,3,0.06630030170817797,1,0.0,0.08294930875576037,1,0,-1,0,2,8
2024-06-28,sh600028,7,6,0.46153846153846156,1,1,0.10623946037099492,1,0.0,0.08294930875576037,0,0,0,0,0,8
2024-07-28,sh600028,5,5,0.5,1,4,0.06273911829014217,1,0.0,0.08294930875576037,1,0,-1,0,0,8
2024-08-28,sh600028,5,6,0.5454545454545454,-1,3,0.16904871924053946,1,1.0,0.08294930875576037,0,0,0,0,0,8
2024-09-28,sh600028,6,5,0.45454545454545453,-1,2,0.04213331380905248,1,1.0,0.08294930875576037,0,0,0,0,0,8
2024-10-28,sh600028,4,5,0.5555555555555556,1,3,0.05111467511005822,1,-1.0,0.08294930875576037,1,0,-1,0,1,8
2024-11-28,sh600028,4,3,0.42857142857142855,1,2,0.06915003087054955,1,0.0,0.08294930875576037,0,0,0,0,1,8
2024-12-28,sh600028,6,6,0.5,1,6,0.04957530244870246,1,0.0,0.08294930875576037,0,2,1,3,0,8
2025-01-28,sh600028,3,4,0.5714285714285714,-1,3,0.02573671797718873,1,-1.0,0.08294930875576037,0,0,0,1,0,8
2025-02-28,sh600028,6,5,0.45454545454545453,-1,2,0.05691041536966678,1,-1.0,0.08294930875576037,1,1,1,0,0,8
2025-03-28,sh600028,5,6,0.5454545454545454,-1,4,0.053400529732162,1,-1.0,0.08294930875576037,1,0,-1,0,2,8
2025-04-28,sh600028,3,3,0.5,-1,4,0.0523432543357816,1,-1.0,0.08294930875576037,1,0,-1,0,0,8
2025-05-28,sh600028,4,4,0.5,-1,2,0.0519175870657666,1,-1.0,0.08294930875576037,0,0,0,0,0,8
2025-06-28,sh600028,4,4,0.5,-1,6,0.06721993839094391,1,-1.0,0.08294930875576037,0,0,0,0,0,8
2025-07-28,sh600028,7,7,0.5,-1,4,0.10100910457376977,1,-1.0,0.08294930875576037,1,0,-1,0,5,8
2025-08-28,sh600028,6,6,0.5,1,3,0.1194520380030955,1,-1.0,0.08294930875576037,0,0,0,0,0,8
2025-09-28,sh600028,4,3,0.42857142857142855,-1,1,0.35018495684340323,1,-1.0,0.08294930875576037,0,0,0,0,0,8
2025-10-28,sh600028,0,0,0.0,0,0,0.0,1,-1.0,0.08294930875576037,0,0,0,0,0,8
2025-11-28,sh600028,0,0,0.0,0,0,0.0,1,-1.0,0.08294930875576037,0,0,0,0,1,8
2025-12-28,sh600028,0,0,0.0,0,0,0.0,1,-1.0,0.08294930875576037,0,0,0,0,1,8
2026-01-28,sh600028,0,0,0.0,0,0,0.0,1,0.0,0.08294930875576037,0,0,0,0,1,8
2026-02-28,sh600028,0,0,0.0,0,0,0.0,1,0.0,0.08294930875576037,0,0,0,0,0,8
2026-03-28,sh600028,0,0,0.0,0,0,0.0,1,-1.0,0.08294930875576037,0,0,0,1,1,8
2026-04-28,sh600028,0,0,0.0,0,0,0.0,1,-1.0,0.08294930875576037,0,0,0,0,0,8
2026-05-28,sh600028,0,0,0.0,0,0,0.0,1,-1.0,0.08294930875576037,0,0,0,0,0,8
2024-04-28,sh600031,0,1,1.0,0,0,0.0,1,0.0,0.08251968503937011,0,0,0,0,0,14
2024-05-28,sh600031,6,5,0.45454545454545453,-1,6,0.07927709399544881,1,0.0,0.08251968503937011,0,1,1,2,0,14
2024-06-28,sh600031,5,5,0.5,1,5,0.06564386732204117,1,0.0,0.08251968503937011,0,0,0,0,0,14
2024-07-28,sh600031,7,7,0.5,1,2,0.09408676429953024,1,0.0,0.08251968503937011,0,0,0,0,0,14
2024-08-28,sh600031,4,5,0.5555555555555556,-1,5,0.1499975706820185,1,0.0,0.08251968503937011,0,0,0,0,0,14
2024-09-28,sh600031,4,4,0.5,-1,4,0.07198504832692297,2,0.0,0.12689500280741164,0,0,0,0,0,14
2024-10-28,sh600031,5,5,0.5,-1,4,0.06242930873166394,1,0.0,0.12689500280741164,0,1,1,1,0,14
2024-11-28,sh600031,5,5,0.5,-1,2,0.05656737502468359,1,0.0,0.12689500280741164,0,0,0,1,0,14
2024-12-28,sh600031,7,6,0.46153846153846156,1,5,0.12154883614706538,1,-1.0,0.12689500280741164,0,0,0,0,0,14
2025-01-28,sh600031,4,4,0.5,1,2,0.07299295578770702,1,-1.0,0.12689500280741164,0,1,1,0,0,14
2025-02-28,sh600031,4,5,0.5555555555555556,-1,3,0.06698959621649815,1,0.0,0.12689500280741164,0,1,1,1,0,14
2025-03-28,sh600031,5,4,0.4444444444444444,1,5,0.054350234306707865,1,1.0,0.12689500280741164,0,0,0,1,0,14
2025-04-28,sh600031,5,5,0.5,1,6,0.06623815839531264,1,0.0,0.12689500280741164,1,1,1,0,0,14
2025-05-28,sh600031,6,6,0.5,1,2,0.09409213834532841,1,0.0,0.12689500280741164,0,0,0,0,0,14
2025-06-28,sh600031,6,7,0.5384615384615384,1,2,0.07941845028794987,1,0.0,0.12689500280741164,0,0,0,0,0,14
2025-07-28,sh600031,6,5,0.45454545454545453,1,4,0.08909451692823779,1,1.0,0.12689500280741164,0,1,1,2,0,14
2025-08-28,sh600031,5,5,0.5,1,4,0.08639258786617782,1,1.0,0.12689500280741164,1,0,-1,0,2,14
2025-09-28,sh600031,4,4,0.5,1,4,0.11898795885330285,2,1.0,0.12689500280741164,0,0,0,0,0,14
2025-10-28,sh600031,3,3,0.5,1,4,0.0779465674201745,2,1.0,0.12689500280741164,0,1,1,0,0,14
2025-11-28,sh600031,1,1,0.5,0,0,0.0,2,1.0,0.12689500280741164,0,0,0,0,0,14
2025-12-28,sh600031,0,0,0.0,0,0,0.0,2,1.0,0.12689500280741164,0,0,0,0,0,14
2026-01-28,sh600031,0,0,0.0,0,0,0.0,2,1.0,0.12689500280741164,0,0,0,0,0,14
2026-02-28,sh600031,0,0,0.0,0,0,0.0,2,1.0,0.12689500280741164,0,0,0,0,0,14
2026-03-28,sh600031,0,0,0.0,0,0,0.0,2,1.0,0.12689500280741164,0,0,0,2,0,14
2026-04-28,sh600031,0,0,0.0,0,0,0.0,2,1.0,0.12689500280741164,0,0,0,2,0,14
2026-05-28,sh600031,0,0,0.0,0,0,0.0,2,1.0,0.12689500280741164,0,0,0,0,0,14
2024-04-28,sh600030,3,2,0.4,1,1,0.08144044321329633,1,0.0,0.06794055201698519,0,0,0,0,0,17
2024-05-28,sh600030,6,7,0.5384615384615384,1,2,0.040420837331801636,1,0.0,0.06794055201698519,0,0,0,0,0,17
2024-06-28,sh600030,5,4,0.4444444444444444,1,4,0.0906988940476375,1,0.0,0.06794055201698519,0,0,0,0,0,17
2024-07-28,sh600030,6,6,0.5,1,2,0.4333557361482777,1,1.0,0.06794055201698519,0,0,0,0,0,17
2024-08-28,sh600030,5,6,0.5454545454545454,-1,5,0.1740646082675836,1,0.0,0.06794055201698519,1,0,-1,0,2,17
2024-09-28,sh600030,6,5,0.45454545454545453,1,1,0.13246396705559366,2,-1.0,0.04215767634854782,0,0,0,0,0,17
2024-10-28,sh600030,7,7,0.5,-1,1,0.18666666666666668,2,-1.0,0.04215767634854782,0,0,0,0,0,17
2024-11-28,sh600030,4,5,0.5555555555555556,-1,2,0.10401821187074313,1,0.0,0.04215767634854782,0,1,1,0,0,17
2024-12-28,sh600030,6,5,0.45454545454545453,1,5,0.05088100482464218,2,1.0,0.058589511754068756,1,0,-1,0,0,17
2025-01-28,sh600030,4,5,0.5555555555555556,-1,5,0.06355535570962395,1,0.0,0.058589511754068756,1,0,-1,0,1,17
2025-02-28,sh600030,3,3,0.5,-1,4,0.06848183740760613,1,0.0,0.058589511754068756,0,0,0,0,1,17
2025-03-28,sh600030,4,3,0.42857142857142855,1,3,0.09107346068416106,2,0.0,0.033511043412033474,1,0,-1,0,2,17
2025-04-28,sh600030,7,7,0.5,1,2,0.07975123524467875,2,-1.0,0.033511043412033474,0,0,0,0,0,17
2025-05-28,sh600030,6,6,0.5,1,2,0.06261594653561019,2,-1.0,0.033511043412033474,0,0,0,0,0,17
2025-06-28,sh600030,5,5,0.5,1,10,0.0393548321270151,1,1.0,0.033511043412033474,2,1,1,2,2,17
2025-07-28,sh600030,6,7,0.5384615384615384,1,2,0.03894569645303317,4,1.0,0.033511043412033474,0,0,0,2,0,17
2025-08-28,sh600030,5,5,0.5,-1,3,0.07523391765946007,4,1.0,0.033511043412033474,0,1,1,0,0,17
2025-09-28,sh600030,4,3,0.42857142857142855,-1,2,0.05393315518344473,4,1.0,0.033511043412033474,0,0,0,0,0,17
2025-10-28,sh600030,0,0,0.0,0,0,0.0,4,1.0,0.033511043412033474,0,0,0,0,0,17
2025-11-28,sh600030,0,0,0.0,0,0,0.0,4,1.0,0.033511043412033474,0,0,0,2,0,17
2025-12-28,sh600030,0,0,0.0,0,0,0.0,4,1.0,0.033511043412033474,0,0,0,1,0,17
2026-01-28,sh600030,0,0,0.0,0,0,0.0,4,1.0,0.033511043412033474,0,0,0,0,0,17
2026-02-28,sh600030,0,0,0.0,0,0,0.0,4,1.0,0.033511043412033474,0,0,0,0,0,17
2026-03-28,sh600030,0,0,0.0,0,0,0.0,4,-1.0,0.033511043412033474,0,0,0,1,2,17
2026-04-28,sh600030,0,0,0.0,0,0,0.0,4,1.0,0.033511043412033474,0,0,0,1,3,17
2026-05-28,sh600030,0,0,0.0,0,0,0.0,4,0.0,0.033511043412033474,0,0,0,2,0,17
2024-04-28,sh600032,0,1,1.0,0,0,0.0,1,-1.0,0.025510204081632678,0,0,0,0,0,20
2024-05-28,sh600032,5,5,0.5,1,3,0.12503437546512428,1,1.0,0.025510204081632678,1,0,-1,0,0,20
2024-06-28,sh600032,5,4,0.4444444444444444,1,4,0.09498871511605564,2,0.0,0.06839945280437756,0,0,0,0,0,20
2024-07-28,sh600032,4,5,0.5555555555555556,-1,3,0.07291917125008747,1,0.0,0.06839945280437756,0,1,1,0,0,20
2024-08-28,sh600032,5,5,0.5,-1,2,0.07293462266134117,2,-1.0,0.09653465346534656,0,1,1,0,0,20
2024-09-28,sh600032,6,5,0.45454545454545453,-1,2,0.20536733917015598,2,0.0,0.09653465346534656,0,0,0,0,0,20
2024-10-28,sh600032,4,4,0.5,1,1,0.09189189189189186,1,0.0,0.09653465346534656,0,0,0,0,0,20
2024-11-28,sh600032,4,4,0.5,1,6,0.08648882056857092,1,0.0,0.09653465346534656,0,0,0,0,0,20
2024-12-28,sh600032,5,5,0.5,-1,5,0.1335267977362756,2,1.0,0.03278688524590157,1,0,-1,0,2,20
2025-01-28,sh600032,4,5,0.5555555555555556,1,5,0.0673006973251731,2,-1.0,0.019801980198019847,1,1,1,0,0,20
2025-02-28,sh600032,4,4,0.5,-1,1,0.13793103448275865,2,0.0,0.019801980198019847,0,0,0,0,0,20
2025-03-28,sh600032,5,4,0.4444444444444444,1,5,0.047367858155838306,2,-1.0,0.10041346721795646,0,0,0,0,0,20
2025-04-28,sh600032,4,5,0.5555555555555556,-1,7,0.04498689962185522,2,0.0,0.05461638491547463,0,2,1,1,0,20
2025-05-28,sh600032,3,3,0.5,1,1,0.1430517711171663,2,0.0,0.05461638491547463,0,0,0,0,0,20
2025-06-28,sh600032,5,5,0.5,-1,5,0.054803392684512064,1,0.0,0.05461638491547463,0,1,1,2,0,20
2025-07-28,sh600032,6,6,0.5,-1,6,0.05230101131181397,1,0.0,0.05461638491547463,2,1,1,2,0,20
2025-08-28,sh600032,4,3,0.42857142857142855,1,1,0.8123393316195372,1,0.0,0.05461638491547463,0,0,0,0,0,20
2025-09-28,sh600032,4,4,0.5,1,4,0.25115847484435233,7,-1.0,0.05461638491547463,0,0,0,0,1,20
2025-10-28,sh600032,0,0,0.0,0,0,0.0,7,0.0,0.05461638491547463,0,0,0,0,6,20
2025-11-28,sh600032,0,0,0.0,0,0,0.0,7,-1.0,0.05461638491547463,0,0,0,4,0,20
2025-12-28,sh600032,0,0,0.0,0,0,0.0,7,-1.0,0.05461638491547463,0,0,0,0,5,20
2026-01-28,sh600032,0,0,0.0,0,0,0.0,7,0.0,0.05461638491547463,0,0,0,4,1,20
2026-02-28,sh600032,0,0,0.0,0,0,0.0,7,1.0,0.05461638491547463,0,0,0,3,0,20
2026-03-28,sh600032,0,0,0.0,0,0,0.0,7,1.0,0.05461638491547463,0,0,0,0,0,20
2026-04-28,sh600032,0,0,0.0,0,0,0.0,7,1.0,0.05461638491547463,0,0,0,0,0,20
2026-05-28,sh600032,0,0,0.0,0,0,0.0,7,1.0,0.05461638491547463,0,0,0,0,0,20
2024-04-28,sh600029,2,1,0.3333333333333333,1,1,0.03597122302158277,1,0.0,0.08426483233018046,0,0,0,0,0,12
2024-05-28,sh600029,5,5,0.5,1,8,0.045760087924793066,1,0.0,0.08426483233018046,1,1,1,0,0,12
2024-06-28,sh600029,4,4,0.5,1,4,0.0501833651110794,1,0.0,0.08426483233018046,0,1,1,0,0,12
2024-07-28,sh600029,5,5,0.5,1,4,0.053849036829827265,1,0.0,0.08426483233018046,1,2,1,2,0,12
2024-08-28,sh600029,4,4,0.5,-1,3,0.23242235601813285,1,0.0,0.08426483233018046,0,0,0,0,0,12
2024-09-28,sh600029,3,3,0.5,1,3,0.15750735203187896,1,1.0,0.08426483233018046,0,0,0,0,0,12
2024-10-28,sh600029,5,5,0.5,1,2,0.10972090801971003,1,1.0,0.08426483233018046,0,0,0,0,0,12
2024-11-28,sh600029,6,7,0.5384615384615384,-1,3,0.08512374144009686,1,1.0,0.08426483233018046,0,1,1,0,0,12
2024-12-28,sh600029,5,5,0.5,-1,4,0.06708143786968795,1,1.0,0.08426483233018046,0,0,0,0,0,12
2025-01-28,sh600029,5,4,0.4444444444444444,1,3,0.0628804742130585,1,1.0,0.08426483233018046,0,0,0,0,0,12
2025-02-28,sh600029,3,4,0.5714285714285714,-1,5,0.05047311832184338,1,0.0,0.08426483233018046,0,1,1,0,0,12
2025-03-28,sh600029,6,5,0.45454545454545453,1,3,0.06272232857562877,1,0.0,0.08426483233018046,0,0,0,0,0,12
2025-04-28,sh600029,6,7,0.5384615384615384,-1,3,0.05759644963032041,1,0.0,0.08426483233018046,1,0,-1,0,0,12
2025-05-28,sh600029,5,4,0.4444444444444444,1,3,0.12662850170054782,1,1.0,0.08426483233018046,1,0,-1,0,1,12
2025-06-28,sh600029,3,4,0.5714285714285714,-1,3,0.08934257157706467,1,0.0,0.08426483233018046,0,0,0,0,1,12
2025-07-28,sh600029,4,3,0.42857142857142855,1,5,0.15425768907104914,1,0.0,0.08426483233018046,0,1,1,2,0,12
2025-08-28,sh600029,3,4,0.5714285714285714,0,0,0.0,1,0.0,0.08426483233018046,0,0,0,0,0,12
2025-09-28,sh600029,5,5,0.5,-1,5,0.11183965160733648,1,0.0,0.08426483233018046,0,0,0,0,0,12
2025-10-28,sh600029,1,0,0.0,1,1,0.07249070631970254,1,1.0,0.08426483233018046,0,0,0,3,0,12
2025-11-28,sh600029,0,0,0.0,0,0,0.0,1,1.0,0.08426483233018046,0,0,0,0,0,12
2025-12-28,sh600029,0,0,0.0,0,0,0.0,1,1.0,0.08426483233018046,0,0,0,0,0,12
2026-01-28,sh600029,0,0,0.0,0,0,0.0,1,1.0,0.08426483233018046,0,0,0,0,0,12
2026-02-28,sh600029,0,0,0.0,0,0,0.0,1,1.0,0.08426483233018046,0,0,0,0,0,12
2026-03-28,sh600029,0,0,0.0,0,0,0.0,1,0.0,0.08426483233018046,0,0,0,2,0,12
2026-04-28,sh600029,0,0,0.0,0,0,0.0,1,-1.0,0.08426483233018046,0,0,0,0,1,12
2026-05-28,sh600029,0,0,0.0,0,0,0.0,1,-1.0,0.08426483233018046,0,0,0,0,2,12
2024-04-28,sh600033,1,2,0.6666666666666666,0,0,0.0,0,0.0,0.0,0,0,0,0,0,17
2024-05-28,sh600033,7,7,0.5,-1,4,0.03279683670239858,1,-1.0,0.01936376210235127,0,1,1,0,0,17
2024-06-28,sh600033,5,5,0.5,1,1,0.11676646706586831,1,-1.0,0.01936376210235127,0,0,0,0,0,17
2024-07-28,sh600033,7,6,0.46153846153846156,1,2,0.0419587155283553,1,1.0,0.01936376210235127,0,0,0,0,0,17
2024-08-28,sh600033,5,5,0.5,1,6,0.13197420261013013,2,0.0,0.08744710860366715,0,0,0,0,0,17
2024-09-28,sh600033,4,5,0.5555555555555556,-1,5,0.05824721914785793,1,1.0,0.08744710860366715,1,0,-1,0,0,17
2024-10-28,sh600033,5,5,0.5,-1,2,0.0917409965797063,1,0.0,0.08744710860366715,0,1,1,1,0,17
2024-11-28,sh600033,4,4,0.5,-1,4,0.05746480672173677,2,0.0,0.10413885180240323,0,1,1,1,0,17
2024-12-28,sh600033,7,6,0.46153846153846156,1,3,0.07458484933296018,1,0.0,0.10413885180240323,0,0,0,0,0,17
2025-01-28,sh600033,4,5,0.5555555555555556,-1,5,0.035514835368010395,1,0.0,0.10413885180240323,0,0,0,0,0,17
2025-02-28,sh600033,4,4,0.5,-1,4,0.03721328906391812,1,0.0,0.10413885180240323,0,2,1,3,0,17
2025-03-28,sh600033,6,6,0.5,-1,4,0.0363891660838007,1,0.0,0.10413885180240323,0,0,0,1,0,17
2025-04-28,sh600033,4,3,0.42857142857142855,-1,4,0.11512764788974471,1,0.0,0.10413885180240323,1,0,-1,0,2,17
2025-05-28,sh600033,3,3,0.5,1,3,0.2643209403722086,1,0.0,0.10413885180240323,0,0,0,0,0,17
2025-06-28,sh600033,5,5,0.5,1,2,0.12626223854684607,1,-1.0,0.10413885180240323,0,0,0,0,0,17
2025-07-28,sh600033,8,8,0.5,1,2,0.06514236410698879,1,-1.0,0.10413885180240323,0,0,0,0,0,17
2025-08-28,sh600033,3,3,0.5,1,4,0.0454323298536546,3,-1.0,0.10413885180240323,0,1,1,2,9,17
2025-09-28,sh600033,0,0,0.0,0,0,0.0,3,-1.0,0.10413885180240323,0,0,0,0,5,17
2025-10-28,sh600033,0,0,0.0,0,0,0.0,3,0.0,0.10413885180240323,0,0,0,0,2,17
2025-11-28,sh600033,0,0,0.0,0,0,0.0,3,0.0,0.10413885180240323,0,0,0,0,0,17
2025-12-28,sh600033,0,0,0.0,0,0,0.0,3,1.0,0.10413885180240323,0,0,0,1,0,17
2026-01-28,sh600033,0,0,0.0,0,0,0.0,3,0.0,0.10413885180240323,0,0,0,1,0,17
2026-02-28,sh600033,0,0,0.0,0,0,0.0,3,0.0,0.10413885180240323,0,0,0,0,0,17
2026-03-28,sh600033,0,0,0.0,0,0,0.0,3,0.0,0.10413885180240323,0,0,0,0,0,17
2026-04-28,sh600033,0,0,0.0,0,0,0.0,3,0.0,0.10413885180240323,0,0,0,0,0,17
2026-05-28,sh600033,0,0,0.0,0,0,0.0,3,-1.0,0.10413885180240323,0,0,0,0,0,17
