momentum_short_window,momentum_long_window,trend_window,momentum_threshold,base_floor,score,discarded,recent_6m_calmar,recent_6m_maxdd,recent_6m_annret,recent_6m_excess_ret,recent_6m_dd_excess,recent_1y_calmar,recent_1y_maxdd,recent_1y_annret,recent_1y_excess_ret,recent_1y_dd_excess,full_pre_cutoff_calmar,full_pre_cutoff_maxdd,full_pre_cutoff_annret,full_pre_cutoff_excess_ret,full_pre_cutoff_dd_excess
10,30,30,0.0,0.3,-inf,recent_6m 跑输 ETF -20.67pp 超过容忍带 -5.0pp,10.0,-0.0796,0.7963,-0.20668181818181797,-0.03873952912019829,10.0,-0.0796,0.7963,-0.20668181818181797,-0.03873952912019829,10.0,-0.0796,0.7963,-0.20668181818181797,-0.03873952912019829
20,30,60,0.0,0.7,-inf,recent_6m 跑输 ETF -7.80pp 超过容忍带 -5.0pp,11.19,-0.10710000000000001,1.1985999999999999,-0.07798181818181815,-0.01123952912019828,11.19,-0.10710000000000001,1.1985999999999999,-0.07798181818181815,-0.01123952912019828,11.19,-0.10710000000000001,1.1985999999999999,-0.07798181818181815,-0.01123952912019828
15,60,60,0.0,0.5,-inf,recent_6m 跑输 ETF -11.34pp 超过容忍带 -5.0pp,9.66,-0.11220000000000001,1.0836,-0.11338181818181803,-0.0061395291201982866,9.66,-0.11220000000000001,1.0836,-0.11338181818181803,-0.0061395291201982866,9.66,-0.11220000000000001,1.0836,-0.11338181818181803,-0.0061395291201982866
15,60,60,0.0,0.7,-inf,recent_6m 跑输 ETF -7.67pp 超过容忍带 -5.0pp,11.09,-0.1084,1.2028,-0.07668181818181807,-0.009939529120198298,11.09,-0.1084,1.2028,-0.07668181818181807,-0.009939529120198298,11.09,-0.1084,1.2028,-0.07668181818181807,-0.009939529120198298
15,60,60,0.01,0.3,-inf,recent_6m 跑输 ETF -13.25pp 超过容忍带 -5.0pp,9.57,-0.1069,1.023,-0.13248181818181815,-0.0114395291201983,9.57,-0.1069,1.023,-0.13248181818181815,-0.0114395291201983,9.57,-0.1069,1.023,-0.13248181818181815,-0.0114395291201983
15,60,60,0.01,0.5,-inf,recent_6m 跑输 ETF -9.88pp 超过容忍带 -5.0pp,10.98,-0.10300000000000001,1.1306,-0.09878181818181808,-0.015339529120198286,10.98,-0.10300000000000001,1.1306,-0.09878181818181808,-0.015339529120198286,10.98,-0.10300000000000001,1.1306,-0.09878181818181808,-0.015339529120198286
15,60,60,0.01,0.7,-inf,recent_6m 跑输 ETF -7.17pp 超过容忍带 -5.0pp,11.58,-0.10529999999999999,1.2194,-0.07168181818181818,-0.013039529120198304,11.58,-0.10529999999999999,1.2194,-0.07168181818181818,-0.013039529120198304,11.58,-0.10529999999999999,1.2194,-0.07168181818181818,-0.013039529120198304
15,60,60,0.02,0.3,-inf,recent_6m 跑输 ETF -11.40pp 超过容忍带 -5.0pp,11.39,-0.095,1.0818,-0.11398181818181818,-0.023339529120198294,11.39,-0.095,1.0818,-0.11398181818181818,-0.023339529120198294,11.39,-0.095,1.0818,-0.11398181818181818,-0.023339529120198294
15,60,60,0.02,0.5,-inf,recent_6m 跑输 ETF -7.99pp 超过容忍带 -5.0pp,13.12,-0.0909,1.1923000000000001,-0.07988181818181816,-0.0274395291201983,13.12,-0.0909,1.1923000000000001,-0.07988181818181816,-0.0274395291201983,13.12,-0.0909,1.1923000000000001,-0.07988181818181816,-0.0274395291201983
15,60,60,0.02,0.7,-inf,recent_6m 跑输 ETF -6.03pp 超过容忍带 -5.0pp,12.81,-0.0981,1.2575,-0.0602818181818181,-0.020239529120198288,12.81,-0.0981,1.2575,-0.0602818181818181,-0.020239529120198288,12.81,-0.0981,1.2575,-0.0602818181818181,-0.020239529120198288
20,30,30,0.0,0.3,-inf,recent_6m 跑输 ETF -16.21pp 超过容忍带 -5.0pp,9.19,-0.1012,0.9307,-0.162081818181818,-0.017139529120198296,9.19,-0.1012,0.9307,-0.162081818181818,-0.017139529120198296,9.19,-0.1012,0.9307,-0.162081818181818,-0.017139529120198296
20,30,30,0.0,0.5,-inf,recent_6m 跑输 ETF -11.82pp 超过容忍带 -5.0pp,10.96,-0.0975,1.0683,-0.11818181818181817,-0.02083952912019829,10.96,-0.0975,1.0683,-0.11818181818181817,-0.02083952912019829,10.96,-0.0975,1.0683,-0.11818181818181817,-0.02083952912019829
20,30,30,0.0,0.7,-inf,recent_6m 跑输 ETF -7.78pp 超过容忍带 -5.0pp,12.04,-0.09960000000000001,1.1994,-0.07778181818181817,-0.018739529120198287,12.04,-0.09960000000000001,1.1994,-0.07778181818181817,-0.018739529120198287,12.04,-0.09960000000000001,1.1994,-0.07778181818181817,-0.018739529120198287
20,30,30,0.01,0.3,-inf,recent_6m 跑输 ETF -16.21pp 超过容忍带 -5.0pp,9.19,-0.1012,0.9307,-0.162081818181818,-0.017139529120198296,9.19,-0.1012,0.9307,-0.162081818181818,-0.017139529120198296,9.19,-0.1012,0.9307,-0.162081818181818,-0.017139529120198296
20,30,30,0.01,0.5,-inf,recent_6m 跑输 ETF -11.82pp 超过容忍带 -5.0pp,10.96,-0.0975,1.0683,-0.11818181818181817,-0.02083952912019829,10.96,-0.0975,1.0683,-0.11818181818181817,-0.02083952912019829,10.96,-0.0975,1.0683,-0.11818181818181817,-0.02083952912019829
20,30,30,0.01,0.7,-inf,recent_6m 跑输 ETF -7.78pp 超过容忍带 -5.0pp,12.04,-0.09960000000000001,1.1994,-0.07778181818181817,-0.018739529120198287,12.04,-0.09960000000000001,1.1994,-0.07778181818181817,-0.018739529120198287,12.04,-0.09960000000000001,1.1994,-0.07778181818181817,-0.018739529120198287
20,30,30,0.02,0.3,-inf,recent_6m 跑输 ETF -16.21pp 超过容忍带 -5.0pp,9.19,-0.1012,0.9307,-0.162081818181818,-0.017139529120198296,9.19,-0.1012,0.9307,-0.162081818181818,-0.017139529120198296,9.19,-0.1012,0.9307,-0.162081818181818,-0.017139529120198296
20,30,30,0.02,0.5,-inf,recent_6m 跑输 ETF -11.82pp 超过容忍带 -5.0pp,10.96,-0.0975,1.0683,-0.11818181818181817,-0.02083952912019829,10.96,-0.0975,1.0683,-0.11818181818181817,-0.02083952912019829,10.96,-0.0975,1.0683,-0.11818181818181817,-0.02083952912019829
20,30,30,0.02,0.7,-inf,recent_6m 跑输 ETF -7.78pp 超过容忍带 -5.0pp,12.04,-0.09960000000000001,1.1994,-0.07778181818181817,-0.018739529120198287,12.04,-0.09960000000000001,1.1994,-0.07778181818181817,-0.018739529120198287,12.04,-0.09960000000000001,1.1994,-0.07778181818181817,-0.018739529120198287
20,30,40,0.0,0.3,-inf,recent_6m 跑输 ETF -14.93pp 超过容忍带 -5.0pp,9.87,-0.0983,0.9703,-0.14928181818181807,-0.020039529120198296,9.87,-0.0983,0.9703,-0.14928181818181807,-0.020039529120198296,9.87,-0.0983,0.9703,-0.14928181818181807,-0.020039529120198296
20,30,40,0.0,0.5,-inf,recent_6m 跑输 ETF -10.65pp 超过容忍带 -5.0pp,11.24,-0.0983,1.1057,-0.10648181818181812,-0.020039529120198296,11.24,-0.0983,1.1057,-0.10648181818181812,-0.020039529120198296,11.24,-0.0983,1.1057,-0.10648181818181812,-0.020039529120198296
20,30,40,0.0,0.7,-inf,recent_6m 跑输 ETF -7.42pp 超过容忍带 -5.0pp,12.33,-0.0983,1.2112,-0.07418181818181813,-0.020039529120198296,12.33,-0.0983,1.2112,-0.07418181818181813,-0.020039529120198296,12.33,-0.0983,1.2112,-0.07418181818181813,-0.020039529120198296
20,30,40,0.01,0.3,-inf,recent_6m 跑输 ETF -15.57pp 超过容忍带 -5.0pp,9.39,-0.1013,0.9506,-0.15568181818181803,-0.017039529120198293,9.39,-0.1013,0.9506,-0.15568181818181803,-0.017039529120198293,9.39,-0.1013,0.9506,-0.15568181818181803,-0.017039529120198293
20,30,40,0.01,0.5,-inf,recent_6m 跑输 ETF -11.12pp 超过容忍带 -5.0pp,11.18,-0.09759999999999999,1.0907,-0.11118181818181805,-0.020739529120198302,11.18,-0.09759999999999999,1.0907,-0.11118181818181805,-0.020739529120198302,11.18,-0.09759999999999999,1.0907,-0.11118181818181805,-0.020739529120198302
20,30,40,0.01,0.7,-inf,recent_6m 跑输 ETF -7.70pp 超过容忍带 -5.0pp,12.07,-0.09960000000000001,1.2019,-0.07698181818181804,-0.018739529120198287,12.07,-0.09960000000000001,1.2019,-0.07698181818181804,-0.018739529120198287,12.07,-0.09960000000000001,1.2019,-0.07698181818181804,-0.018739529120198287
20,30,40,0.02,0.3,-inf,recent_6m 跑输 ETF -15.57pp 超过容忍带 -5.0pp,9.39,-0.1013,0.9506,-0.15568181818181803,-0.017039529120198293,9.39,-0.1013,0.9506,-0.15568181818181803,-0.017039529120198293,9.39,-0.1013,0.9506,-0.15568181818181803,-0.017039529120198293
20,30,40,0.02,0.5,-inf,recent_6m 跑输 ETF -11.12pp 超过容忍带 -5.0pp,11.18,-0.09759999999999999,1.0907,-0.11118181818181805,-0.020739529120198302,11.18,-0.09759999999999999,1.0907,-0.11118181818181805,-0.020739529120198302,11.18,-0.09759999999999999,1.0907,-0.11118181818181805,-0.020739529120198302
20,30,40,0.02,0.7,-inf,recent_6m 跑输 ETF -7.70pp 超过容忍带 -5.0pp,12.07,-0.09960000000000001,1.2019,-0.07698181818181804,-0.018739529120198287,12.07,-0.09960000000000001,1.2019,-0.07698181818181804,-0.018739529120198287,12.07,-0.09960000000000001,1.2019,-0.07698181818181804,-0.018739529120198287
20,30,60,0.0,0.3,-inf,recent_6m 跑输 ETF -14.10pp 超过容忍带 -5.0pp,9.37,-0.1063,0.9962000000000001,-0.1409818181818181,-0.012039529120198289,9.37,-0.1063,0.9962000000000001,-0.1409818181818181,-0.012039529120198289,9.37,-0.1063,0.9962000000000001,-0.1409818181818181,-0.012039529120198289
15,60,60,0.0,0.3,-inf,recent_6m 跑输 ETF -15.29pp 超过容忍带 -5.0pp,7.99,-0.12,0.9592,-0.15288181818181812,0.001660470879801701,7.99,-0.12,0.9592,-0.15288181818181812,0.001660470879801701,7.99,-0.12,0.9592,-0.15288181818181812,0.001660470879801701
15,60,40,0.02,0.7,-inf,recent_6m 跑输 ETF -6.03pp 超过容忍带 -5.0pp,12.81,-0.0981,1.2575,-0.0602818181818181,-0.020239529120198288,12.81,-0.0981,1.2575,-0.0602818181818181,-0.020239529120198288,12.81,-0.0981,1.2575,-0.0602818181818181,-0.020239529120198288
15,60,40,0.02,0.5,-inf,recent_6m 跑输 ETF -7.99pp 超过容忍带 -5.0pp,13.12,-0.0909,1.1923000000000001,-0.07988181818181816,-0.0274395291201983,13.12,-0.0909,1.1923000000000001,-0.07988181818181816,-0.0274395291201983,13.12,-0.0909,1.1923000000000001,-0.07988181818181816,-0.0274395291201983
15,60,30,0.0,0.5,-inf,recent_6m 跑输 ETF -13.41pp 超过容忍带 -5.0pp,8.13,-0.1252,1.0178,-0.13408181818181797,0.006860470879801711,8.13,-0.1252,1.0178,-0.13408181818181797,0.006860470879801711,8.13,-0.1252,1.0178,-0.13408181818181797,0.006860470879801711
15,40,40,0.02,0.5,-inf,recent_6m 跑输 ETF -10.01pp 超过容忍带 -5.0pp,12.48,-0.09029999999999999,1.1264,-0.10008181818181816,-0.028039529120198303,12.48,-0.09029999999999999,1.1264,-0.10008181818181816,-0.028039529120198303,12.48,-0.09029999999999999,1.1264,-0.10008181818181816,-0.028039529120198303
15,40,40,0.02,0.7,-inf,recent_6m 跑输 ETF -7.03pp 超过容忍带 -5.0pp,12.85,-0.09519999999999999,1.2241,-0.07028181818181811,-0.0231395291201983,12.85,-0.09519999999999999,1.2241,-0.07028181818181811,-0.0231395291201983,12.85,-0.09519999999999999,1.2241,-0.07028181818181811,-0.0231395291201983
15,40,60,0.0,0.3,-inf,recent_6m 跑输 ETF -16.94pp 超过容忍带 -5.0pp,7.57,-0.12,0.9084,-0.16938181818181808,0.001660470879801701,7.57,-0.12,0.9084,-0.16938181818181808,0.001660470879801701,7.57,-0.12,0.9084,-0.16938181818181808,0.001660470879801701
15,40,60,0.0,0.5,-inf,recent_6m 跑输 ETF -12.43pp 超过容忍带 -5.0pp,9.35,-0.1121,1.0489,-0.12428181818181816,-0.006239529120198289,9.35,-0.1121,1.0489,-0.12428181818181816,-0.006239529120198289,9.35,-0.1121,1.0489,-0.12428181818181816,-0.006239529120198289
15,40,60,0.0,0.7,-inf,recent_6m 跑输 ETF -8.39pp 超过容忍带 -5.0pp,10.87,-0.1085,1.1794,-0.08388181818181817,-0.009839529120198295,10.87,-0.1085,1.1794,-0.08388181818181817,-0.009839529120198295,10.87,-0.1085,1.1794,-0.08388181818181817,-0.009839529120198295
15,40,60,0.01,0.3,-inf,recent_6m 跑输 ETF -16.78pp 超过容忍带 -5.0pp,7.68,-0.1189,0.9134,-0.16778181818181803,0.0005604708798017111,7.68,-0.1189,0.9134,-0.16778181818181803,0.0005604708798017111,7.68,-0.1189,0.9134,-0.16778181818181803,0.0005604708798017111
15,40,60,0.01,0.5,-inf,recent_6m 跑输 ETF -12.79pp 超过容忍带 -5.0pp,9.07,-0.1144,1.0375,-0.12788181818181799,-0.003939529120198293,9.07,-0.1144,1.0375,-0.12788181818181799,-0.003939529120198293,9.07,-0.1144,1.0375,-0.12788181818181799,-0.003939529120198293
15,40,60,0.01,0.7,-inf,recent_6m 跑输 ETF -8.71pp 超过容忍带 -5.0pp,10.58,-0.1105,1.1689,-0.08708181818181804,-0.007839529120198294,10.58,-0.1105,1.1689,-0.08708181818181804,-0.007839529120198294,10.58,-0.1105,1.1689,-0.08708181818181804,-0.007839529120198294
15,40,60,0.02,0.3,-inf,recent_6m 跑输 ETF -14.25pp 超过容忍带 -5.0pp,9.68,-0.1024,0.9914000000000001,-0.14248181818181815,-0.01593952912019829,9.68,-0.1024,0.9914000000000001,-0.14248181818181815,-0.01593952912019829,9.68,-0.1024,0.9914000000000001,-0.14248181818181815,-0.01593952912019829
15,40,60,0.02,0.5,-inf,recent_6m 跑输 ETF -10.95pp 超过容忍带 -5.0pp,10.68,-0.1026,1.0961,-0.10948181818181801,-0.015739529120198298,10.68,-0.1026,1.0961,-0.10948181818181801,-0.015739529120198298,10.68,-0.1026,1.0961,-0.10948181818181801,-0.015739529120198298
15,40,60,0.02,0.7,-inf,recent_6m 跑输 ETF -7.58pp 超过容忍带 -5.0pp,11.66,-0.10339999999999999,1.2058,-0.07578181818181817,-0.014939529120198303,11.66,-0.10339999999999999,1.2058,-0.07578181818181817,-0.014939529120198303,11.66,-0.10339999999999999,1.2058,-0.07578181818181817,-0.014939529120198303
15,60,30,0.0,0.3,-inf,recent_6m 跑输 ETF -18.03pp 超过容忍带 -5.0pp,6.36,-0.1376,0.8752,-0.180281818181818,0.019260470879801705,6.36,-0.1376,0.8752,-0.180281818181818,0.019260470879801705,6.36,-0.1376,0.8752,-0.180281818181818,0.019260470879801705
15,60,30,0.0,0.7,-inf,recent_6m 跑输 ETF -8.79pp 超过容忍带 -5.0pp,10.12,-0.1152,1.1662000000000001,-0.08788181818181817,-0.0031395291201982978,10.12,-0.1152,1.1662000000000001,-0.08788181818181817,-0.0031395291201982978,10.12,-0.1152,1.1662000000000001,-0.08788181818181817,-0.0031395291201982978
15,60,40,0.02,0.3,-inf,recent_6m 跑输 ETF -10.66pp 超过容忍带 -5.0pp,12.27,-0.0901,1.1054000000000002,-0.10658181818181811,-0.028239529120198295,12.27,-0.0901,1.1054000000000002,-0.10658181818181811,-0.028239529120198295,12.27,-0.0901,1.1054000000000002,-0.10658181818181811,-0.028239529120198295
15,60,30,0.01,0.3,-inf,recent_6m 跑输 ETF -14.98pp 超过容忍带 -5.0pp,8.21,-0.11800000000000001,0.9686,-0.14978181818181802,-0.00033952912019828696,8.21,-0.11800000000000001,0.9686,-0.14978181818181802,-0.00033952912019828696,8.21,-0.11800000000000001,0.9686,-0.14978181818181802,-0.00033952912019828696
15,60,30,0.01,0.5,-inf,recent_6m 跑输 ETF -10.84pp 超过容忍带 -5.0pp,10.1,-0.10890000000000001,1.0997,-0.10838181818181813,-0.009439529120198284,10.1,-0.10890000000000001,1.0997,-0.10838181818181813,-0.009439529120198284,10.1,-0.10890000000000001,1.0997,-0.10838181818181813,-0.009439529120198284
15,60,30,0.01,0.7,-inf,recent_6m 跑输 ETF -7.15pp 超过容忍带 -5.0pp,11.61,-0.1051,1.22,-0.07148181818181798,-0.013239529120198296,11.61,-0.1051,1.22,-0.07148181818181798,-0.013239529120198296,11.61,-0.1051,1.22,-0.07148181818181798,-0.013239529120198296
15,60,30,0.02,0.3,-inf,recent_6m 跑输 ETF -13.49pp 超过容忍带 -5.0pp,9.37,-0.10830000000000001,1.0154,-0.1348818181818181,-0.010039529120198287,9.37,-0.10830000000000001,1.0154,-0.1348818181818181,-0.010039529120198287,9.37,-0.10830000000000001,1.0154,-0.1348818181818181,-0.010039529120198287
15,60,30,0.02,0.5,-inf,recent_6m 跑输 ETF -9.75pp 超过容忍带 -5.0pp,11.12,-0.102,1.1348,-0.097481818181818,-0.0163395291201983,11.12,-0.102,1.1348,-0.097481818181818,-0.0163395291201983,11.12,-0.102,1.1348,-0.097481818181818,-0.0163395291201983
15,60,30,0.02,0.7,-inf,recent_6m 跑输 ETF -6.50pp 超过容忍带 -5.0pp,12.29,-0.1011,1.2418,-0.06498181818181803,-0.0172395291201983,12.29,-0.1011,1.2418,-0.06498181818181803,-0.0172395291201983,12.29,-0.1011,1.2418,-0.06498181818181803,-0.0172395291201983
15,60,40,0.0,0.3,-inf,recent_6m 跑输 ETF -14.58pp 超过容忍带 -5.0pp,8.51,-0.11539999999999999,0.9813,-0.145781818181818,-0.002939529120198306,8.51,-0.11539999999999999,0.9813,-0.145781818181818,-0.002939529120198306,8.51,-0.11539999999999999,0.9813,-0.145781818181818,-0.002939529120198306
15,60,40,0.0,0.5,-inf,recent_6m 跑输 ETF -10.82pp 超过容忍带 -5.0pp,10.11,-0.10880000000000001,1.1004,-0.10818181818181816,-0.009539529120198287,10.11,-0.10880000000000001,1.1004,-0.10818181818181816,-0.009539529120198287,10.11,-0.10880000000000001,1.1004,-0.10818181818181816,-0.009539529120198287
15,60,40,0.0,0.7,-inf,recent_6m 跑输 ETF -7.35pp 超过容忍带 -5.0pp,11.41,-0.10640000000000001,1.2134,-0.07348181818181798,-0.011939529120198286,11.41,-0.10640000000000001,1.2134,-0.07348181818181798,-0.011939529120198286,11.41,-0.10640000000000001,1.2134,-0.07348181818181798,-0.011939529120198286
15,60,40,0.01,0.3,-inf,recent_6m 跑输 ETF -12.52pp 超过容忍带 -5.0pp,10.24,-0.10220000000000001,1.0458,-0.12518181818181806,-0.01613952912019828,10.24,-0.10220000000000001,1.0458,-0.12518181818181806,-0.01613952912019828,10.24,-0.10220000000000001,1.0458,-0.12518181818181806,-0.01613952912019828
15,60,40,0.01,0.5,-inf,recent_6m 跑输 ETF -9.36pp 超过容忍带 -5.0pp,11.53,-0.09960000000000001,1.1477,-0.09358181818181799,-0.018739529120198287,11.53,-0.09960000000000001,1.1477,-0.09358181818181799,-0.018739529120198287,11.53,-0.09960000000000001,1.1477,-0.09358181818181799,-0.018739529120198287
15,60,40,0.01,0.7,-inf,recent_6m 跑输 ETF -6.85pp 超过容忍带 -5.0pp,11.91,-0.1033,1.2301,-0.06848181818181809,-0.015039529120198292,11.91,-0.1033,1.2301,-0.06848181818181809,-0.015039529120198292,11.91,-0.1033,1.2301,-0.06848181818181809,-0.015039529120198292
20,30,60,0.0,0.5,-inf,recent_6m 跑输 ETF -11.17pp 超过容忍带 -5.0pp,10.19,-0.10679999999999999,1.0892,-0.111681818181818,-0.011539529120198302,10.19,-0.10679999999999999,1.0892,-0.111681818181818,-0.011539529120198302,10.19,-0.10679999999999999,1.0892,-0.111681818181818,-0.011539529120198302
20,30,60,0.01,0.3,-inf,recent_6m 跑输 ETF -15.19pp 超过容忍带 -5.0pp,8.49,-0.1134,0.9621999999999999,-0.151881818181818,-0.004939529120198294,8.49,-0.1134,0.9621999999999999,-0.151881818181818,-0.004939529120198294,8.49,-0.1134,0.9621999999999999,-0.151881818181818,-0.004939529120198294
15,40,40,0.01,0.7,-inf,recent_6m 跑输 ETF -7.70pp 超过容忍带 -5.0pp,12.07,-0.09960000000000001,1.2019,-0.07698181818181804,-0.018739529120198287,12.07,-0.09960000000000001,1.2019,-0.07698181818181804,-0.018739529120198287,12.07,-0.09960000000000001,1.2019,-0.07698181818181804,-0.018739529120198287
20,30,60,0.01,0.5,-inf,recent_6m 跑输 ETF -11.61pp 超过容忍带 -5.0pp,9.8,-0.1097,1.0749,-0.11608181818181817,-0.008639529120198289,9.8,-0.1097,1.0749,-0.11608181818181817,-0.008639529120198289,9.8,-0.1097,1.0749,-0.11608181818181817,-0.008639529120198289
20,40,60,0.02,0.7,-inf,recent_6m 跑输 ETF -7.86pp 超过容忍带 -5.0pp,10.99,-0.10890000000000001,1.1968,-0.07858181818181809,-0.009439529120198284,10.99,-0.10890000000000001,1.1968,-0.07858181818181809,-0.009439529120198284,10.99,-0.10890000000000001,1.1968,-0.07858181818181809,-0.009439529120198284
20,60,30,0.0,0.3,-inf,recent_6m 跑输 ETF -14.70pp 超过容忍带 -5.0pp,8.53,-0.11460000000000001,0.9775,-0.1469818181818181,-0.003739529120198287,8.53,-0.11460000000000001,0.9775,-0.1469818181818181,-0.003739529120198287,8.53,-0.11460000000000001,0.9775,-0.1469818181818181,-0.003739529120198287
20,60,30,0.0,0.5,-inf,recent_6m 跑输 ETF -11.25pp 超过容忍带 -5.0pp,9.91,-0.1097,1.0865,-0.11248181818181813,-0.008639529120198289,9.91,-0.1097,1.0865,-0.11248181818181813,-0.008639529120198289,9.91,-0.1097,1.0865,-0.11248181818181813,-0.008639529120198289
20,60,30,0.0,0.7,-inf,recent_6m 跑输 ETF -7.96pp 超过容忍带 -5.0pp,10.95,-0.10890000000000001,1.1932,-0.07958181818181798,-0.009439529120198284,10.95,-0.10890000000000001,1.1932,-0.07958181818181798,-0.009439529120198284,10.95,-0.10890000000000001,1.1932,-0.07958181818181798,-0.009439529120198284
20,60,30,0.01,0.3,-inf,recent_6m 跑输 ETF -14.70pp 超过容忍带 -5.0pp,8.53,-0.11460000000000001,0.9775,-0.1469818181818181,-0.003739529120198287,8.53,-0.11460000000000001,0.9775,-0.1469818181818181,-0.003739529120198287,8.53,-0.11460000000000001,0.9775,-0.1469818181818181,-0.003739529120198287
20,60,30,0.01,0.5,-inf,recent_6m 跑输 ETF -11.25pp 超过容忍带 -5.0pp,9.91,-0.1097,1.0865,-0.11248181818181813,-0.008639529120198289,9.91,-0.1097,1.0865,-0.11248181818181813,-0.008639529120198289,9.91,-0.1097,1.0865,-0.11248181818181813,-0.008639529120198289
20,60,30,0.01,0.7,-inf,recent_6m 跑输 ETF -7.96pp 超过容忍带 -5.0pp,10.95,-0.10890000000000001,1.1932,-0.07958181818181798,-0.009439529120198284,10.95,-0.10890000000000001,1.1932,-0.07958181818181798,-0.009439529120198284,10.95,-0.10890000000000001,1.1932,-0.07958181818181798,-0.009439529120198284
20,60,30,0.02,0.3,-inf,recent_6m 跑输 ETF -14.70pp 超过容忍带 -5.0pp,8.53,-0.11460000000000001,0.9775,-0.1469818181818181,-0.003739529120198287,8.53,-0.11460000000000001,0.9775,-0.1469818181818181,-0.003739529120198287,8.53,-0.11460000000000001,0.9775,-0.1469818181818181,-0.003739529120198287
20,60,30,0.02,0.5,-inf,recent_6m 跑输 ETF -11.25pp 超过容忍带 -5.0pp,9.91,-0.1097,1.0865,-0.11248181818181813,-0.008639529120198289,9.91,-0.1097,1.0865,-0.11248181818181813,-0.008639529120198289,9.91,-0.1097,1.0865,-0.11248181818181813,-0.008639529120198289
20,60,30,0.02,0.7,-inf,recent_6m 跑输 ETF -7.96pp 超过容忍带 -5.0pp,10.95,-0.10890000000000001,1.1932,-0.07958181818181798,-0.009439529120198284,10.95,-0.10890000000000001,1.1932,-0.07958181818181798,-0.009439529120198284,10.95,-0.10890000000000001,1.1932,-0.07958181818181798,-0.009439529120198284
20,60,40,0.0,0.3,-inf,recent_6m 跑输 ETF -14.09pp 超过容忍带 -5.0pp,8.88,-0.11220000000000001,0.9965,-0.1408818181818181,-0.0061395291201982866,8.88,-0.11220000000000001,0.9965,-0.1408818181818181,-0.0061395291201982866,8.88,-0.11220000000000001,0.9965,-0.1408818181818181,-0.0061395291201982866
20,60,40,0.0,0.5,-inf,recent_6m 跑输 ETF -10.74pp 超过容忍带 -5.0pp,10.18,-0.10830000000000001,1.1029,-0.10738181818181802,-0.010039529120198287,10.18,-0.10830000000000001,1.1029,-0.10738181818181802,-0.010039529120198287,10.18,-0.10830000000000001,1.1029,-0.10738181818181802,-0.010039529120198287
20,60,40,0.0,0.7,-inf,recent_6m 跑输 ETF -7.57pp 超过容忍带 -5.0pp,11.19,-0.10769999999999999,1.2061,-0.07568181818181818,-0.010639529120198304,11.19,-0.10769999999999999,1.2061,-0.07568181818181818,-0.010639529120198304,11.19,-0.10769999999999999,1.2061,-0.07568181818181818,-0.010639529120198304
20,60,40,0.01,0.3,-inf,recent_6m 跑输 ETF -15.18pp 超过容忍带 -5.0pp,8.07,-0.1193,0.9625,-0.15178181818181802,0.0009604708798017086,8.07,-0.1193,0.9625,-0.15178181818181802,0.0009604708798017086,8.07,-0.1193,0.9625,-0.15178181818181802,0.0009604708798017086
20,60,40,0.01,0.5,-inf,recent_6m 跑输 ETF -11.18pp 超过容忍带 -5.0pp,9.8,-0.11109999999999999,1.0886,-0.11178181818181798,-0.007239529120198304,9.8,-0.11109999999999999,1.0886,-0.11178181818181798,-0.007239529120198304,9.8,-0.11109999999999999,1.0886,-0.11178181818181798,-0.007239529120198304
20,60,40,0.01,0.7,-inf,recent_6m 跑输 ETF -7.85pp 超过容忍带 -5.0pp,10.94,-0.1094,1.1970999999999998,-0.0784818181818181,-0.008939529120198297,10.94,-0.1094,1.1970999999999998,-0.0784818181818181,-0.008939529120198297,10.94,-0.1094,1.1970999999999998,-0.0784818181818181,-0.008939529120198297
20,60,40,0.02,0.3,-inf,recent_6m 跑输 ETF -15.18pp 超过容忍带 -5.0pp,8.07,-0.1193,0.9625,-0.15178181818181802,0.0009604708798017086,8.07,-0.1193,0.9625,-0.15178181818181802,0.0009604708798017086,8.07,-0.1193,0.9625,-0.15178181818181802,0.0009604708798017086
20,60,40,0.02,0.5,-inf,recent_6m 跑输 ETF -11.18pp 超过容忍带 -5.0pp,9.8,-0.11109999999999999,1.0886,-0.11178181818181798,-0.007239529120198304,9.8,-0.11109999999999999,1.0886,-0.11178181818181798,-0.007239529120198304,9.8,-0.11109999999999999,1.0886,-0.11178181818181798,-0.007239529120198304
20,60,40,0.02,0.7,-inf,recent_6m 跑输 ETF -7.85pp 超过容忍带 -5.0pp,10.94,-0.1094,1.1970999999999998,-0.0784818181818181,-0.008939529120198297,10.94,-0.1094,1.1970999999999998,-0.0784818181818181,-0.008939529120198297,10.94,-0.1094,1.1970999999999998,-0.0784818181818181,-0.008939529120198297
20,60,60,0.0,0.3,-inf,recent_6m 跑输 ETF -15.30pp 超过容忍带 -5.0pp,7.98,-0.1202,0.9587,-0.1529818181818181,0.0018604708798017067,7.98,-0.1202,0.9587,-0.1529818181818181,0.0018604708798017067,7.98,-0.1202,0.9587,-0.1529818181818181,0.0018604708798017067
20,60,60,0.0,0.5,-inf,recent_6m 跑输 ETF -11.64pp 超过容忍带 -5.0pp,9.41,-0.1142,1.0739,-0.11638181818181814,-0.004139529120198299,9.41,-0.1142,1.0739,-0.11638181818181814,-0.004139529120198299,9.41,-0.1142,1.0739,-0.11638181818181814,-0.004139529120198299
20,60,60,0.0,0.7,-inf,recent_6m 跑输 ETF -8.14pp 超过容忍带 -5.0pp,10.66,-0.1114,1.1873,-0.081381818181818,-0.006939529120198296,10.66,-0.1114,1.1873,-0.081381818181818,-0.006939529120198296,10.66,-0.1114,1.1873,-0.081381818181818,-0.006939529120198296
20,60,60,0.01,0.3,-inf,recent_6m 跑输 ETF -16.39pp 超过容忍带 -5.0pp,7.27,-0.1272,0.9251999999999999,-0.16388181818181802,0.008860470879801713,7.27,-0.1272,0.9251999999999999,-0.16388181818181802,0.008860470879801713,7.27,-0.1272,0.9251999999999999,-0.16388181818181802,0.008860470879801713
20,60,60,0.01,0.5,-inf,recent_6m 跑输 ETF -12.08pp 超过容忍带 -5.0pp,9.06,-0.11689999999999999,1.0598,-0.1207818181818181,-0.0014395291201983046,9.06,-0.11689999999999999,1.0598,-0.1207818181818181,-0.0014395291201983046,9.06,-0.11689999999999999,1.0598,-0.1207818181818181,-0.0014395291201983046
20,60,60,0.01,0.7,-inf,recent_6m 跑输 ETF -8.42pp 超过容忍带 -5.0pp,10.42,-0.1131,1.1783,-0.08418181818181814,-0.0052395291201982885,10.42,-0.1131,1.1783,-0.08418181818181814,-0.0052395291201982885,10.42,-0.1131,1.1783,-0.08418181818181814,-0.0052395291201982885
20,60,60,0.02,0.3,-inf,recent_6m 跑输 ETF -16.39pp 超过容忍带 -5.0pp,7.27,-0.1272,0.9251999999999999,-0.16388181818181802,0.008860470879801713,7.27,-0.1272,0.9251999999999999,-0.16388181818181802,0.008860470879801713,7.27,-0.1272,0.9251999999999999,-0.16388181818181802,0.008860470879801713
20,60,60,0.02,0.5,-inf,recent_6m 跑输 ETF -12.08pp 超过容忍带 -5.0pp,9.06,-0.11689999999999999,1.0598,-0.1207818181818181,-0.0014395291201983046,9.06,-0.11689999999999999,1.0598,-0.1207818181818181,-0.0014395291201983046,9.06,-0.11689999999999999,1.0598,-0.1207818181818181,-0.0014395291201983046
20,40,60,0.02,0.5,-inf,recent_6m 跑输 ETF -10.50pp 超过容忍带 -5.0pp,10.12,-0.1097,1.1107,-0.10498181818181807,-0.008639529120198289,10.12,-0.1097,1.1107,-0.10498181818181807,-0.008639529120198289,10.12,-0.1097,1.1107,-0.10498181818181807,-0.008639529120198289
20,40,60,0.02,0.3,-inf,recent_6m 跑输 ETF -13.76pp 超过容忍带 -5.0pp,8.88,-0.1134,1.0068000000000001,-0.13758181818181803,-0.004939529120198294,8.88,-0.1134,1.0068000000000001,-0.13758181818181803,-0.004939529120198294,8.88,-0.1134,1.0068000000000001,-0.13758181818181803,-0.004939529120198294
20,40,60,0.01,0.7,-inf,recent_6m 跑输 ETF -7.86pp 超过容忍带 -5.0pp,10.99,-0.10890000000000001,1.1968,-0.07858181818181809,-0.009439529120198284,10.99,-0.10890000000000001,1.1968,-0.07858181818181809,-0.009439529120198284,10.99,-0.10890000000000001,1.1968,-0.07858181818181809,-0.009439529120198284
20,40,30,0.02,0.7,-inf,recent_6m 跑输 ETF -7.89pp 超过容忍带 -5.0pp,12.0,-0.09960000000000001,1.1956,-0.07888181818181805,-0.018739529120198287,12.0,-0.09960000000000001,1.1956,-0.07888181818181805,-0.018739529120198287,12.0,-0.09960000000000001,1.1956,-0.07888181818181805,-0.018739529120198287
20,30,60,0.01,0.7,-inf,recent_6m 跑输 ETF -8.09pp 超过容忍带 -5.0pp,10.92,-0.10890000000000001,1.1892,-0.08088181818181805,-0.009439529120198284,10.92,-0.10890000000000001,1.1892,-0.08088181818181805,-0.009439529120198284,10.92,-0.10890000000000001,1.1892,-0.08088181818181805,-0.009439529120198284
20,30,60,0.02,0.3,-inf,recent_6m 跑输 ETF -15.19pp 超过容忍带 -5.0pp,8.49,-0.1134,0.9621999999999999,-0.151881818181818,-0.004939529120198294,8.49,-0.1134,0.9621999999999999,-0.151881818181818,-0.004939529120198294,8.49,-0.1134,0.9621999999999999,-0.151881818181818,-0.004939529120198294
20,30,60,0.02,0.5,-inf,recent_6m 跑输 ETF -11.61pp 超过容忍带 -5.0pp,9.8,-0.1097,1.0749,-0.11608181818181817,-0.008639529120198289,9.8,-0.1097,1.0749,-0.11608181818181817,-0.008639529120198289,9.8,-0.1097,1.0749,-0.11608181818181817,-0.008639529120198289
20,30,60,0.02,0.7,-inf,recent_6m 跑输 ETF -8.09pp 超过容忍带 -5.0pp,10.92,-0.10890000000000001,1.1892,-0.08088181818181805,-0.009439529120198284,10.92,-0.10890000000000001,1.1892,-0.08088181818181805,-0.009439529120198284,10.92,-0.10890000000000001,1.1892,-0.08088181818181805,-0.009439529120198284
20,40,30,0.0,0.3,-inf,recent_6m 跑输 ETF -16.95pp 超过容忍带 -5.0pp,8.56,-0.1061,0.9081,-0.16948181818181807,-0.012239529120198295,8.56,-0.1061,0.9081,-0.16948181818181807,-0.012239529120198295,8.56,-0.1061,0.9081,-0.16948181818181807,-0.012239529120198295
20,40,30,0.0,0.5,-inf,recent_6m 跑输 ETF -13.10pp 超过容忍带 -5.0pp,9.8,-0.10490000000000001,1.0275,-0.1309818181818181,-0.013439529120198287,9.8,-0.10490000000000001,1.0275,-0.1309818181818181,-0.013439529120198287,9.8,-0.10490000000000001,1.0275,-0.1309818181818181,-0.013439529120198287
20,40,30,0.0,0.7,-inf,recent_6m 跑输 ETF -7.89pp 超过容忍带 -5.0pp,12.0,-0.09960000000000001,1.1956,-0.07888181818181805,-0.018739529120198287,12.0,-0.09960000000000001,1.1956,-0.07888181818181805,-0.018739529120198287,12.0,-0.09960000000000001,1.1956,-0.07888181818181805,-0.018739529120198287
20,40,30,0.01,0.3,-inf,recent_6m 跑输 ETF -16.95pp 超过容忍带 -5.0pp,8.56,-0.1061,0.9081,-0.16948181818181807,-0.012239529120198295,8.56,-0.1061,0.9081,-0.16948181818181807,-0.012239529120198295,8.56,-0.1061,0.9081,-0.16948181818181807,-0.012239529120198295
20,40,30,0.01,0.5,-inf,recent_6m 跑输 ETF -13.10pp 超过容忍带 -5.0pp,9.8,-0.10490000000000001,1.0275,-0.1309818181818181,-0.013439529120198287,9.8,-0.10490000000000001,1.0275,-0.1309818181818181,-0.013439529120198287,9.8,-0.10490000000000001,1.0275,-0.1309818181818181,-0.013439529120198287
20,40,30,0.01,0.7,-inf,recent_6m 跑输 ETF -7.89pp 超过容忍带 -5.0pp,12.0,-0.09960000000000001,1.1956,-0.07888181818181805,-0.018739529120198287,12.0,-0.09960000000000001,1.1956,-0.07888181818181805,-0.018739529120198287,12.0,-0.09960000000000001,1.1956,-0.07888181818181805,-0.018739529120198287
20,40,30,0.02,0.3,-inf,recent_6m 跑输 ETF -16.95pp 超过容忍带 -5.0pp,8.56,-0.1061,0.9081,-0.16948181818181807,-0.012239529120198295,8.56,-0.1061,0.9081,-0.16948181818181807,-0.012239529120198295,8.56,-0.1061,0.9081,-0.16948181818181807,-0.012239529120198295
20,40,30,0.02,0.5,-inf,recent_6m 跑输 ETF -13.10pp 超过容忍带 -5.0pp,9.8,-0.10490000000000001,1.0275,-0.1309818181818181,-0.013439529120198287,9.8,-0.10490000000000001,1.0275,-0.1309818181818181,-0.013439529120198287,9.8,-0.10490000000000001,1.0275,-0.1309818181818181,-0.013439529120198287
20,40,40,0.0,0.3,-inf,recent_6m 跑输 ETF -16.32pp 超过容忍带 -5.0pp,8.73,-0.10619999999999999,0.9273,-0.1631818181818181,-0.012139529120198306,8.73,-0.10619999999999999,0.9273,-0.1631818181818181,-0.012139529120198306,8.73,-0.10619999999999999,0.9273,-0.1631818181818181,-0.012139529120198306
20,40,60,0.01,0.5,-inf,recent_6m 跑输 ETF -10.50pp 超过容忍带 -5.0pp,10.12,-0.1097,1.1107,-0.10498181818181807,-0.008639529120198289,10.12,-0.1097,1.1107,-0.10498181818181807,-0.008639529120198289,10.12,-0.1097,1.1107,-0.10498181818181807,-0.008639529120198289
20,40,40,0.0,0.5,-inf,recent_6m 跑输 ETF -12.69pp 超过容忍带 -5.0pp,9.74,-0.10679999999999999,1.0405,-0.1268818181818181,-0.011539529120198302,9.74,-0.10679999999999999,1.0405,-0.1268818181818181,-0.011539529120198302,9.74,-0.10679999999999999,1.0405,-0.1268818181818181,-0.011539529120198302
20,40,40,0.0,0.7,-inf,recent_6m 跑输 ETF -9.02pp 超过容忍带 -5.0pp,10.82,-0.10710000000000001,1.1586,-0.09018181818181814,-0.01123952912019828,10.82,-0.10710000000000001,1.1586,-0.09018181818181814,-0.01123952912019828,10.82,-0.10710000000000001,1.1586,-0.09018181818181814,-0.01123952912019828
20,40,40,0.01,0.3,-inf,recent_6m 跑输 ETF -17.40pp 超过容忍带 -5.0pp,7.89,-0.1133,0.8943000000000001,-0.17398181818181802,-0.005039529120198297,7.89,-0.1133,0.8943000000000001,-0.17398181818181802,-0.005039529120198297,7.89,-0.1133,0.8943000000000001,-0.17398181818181802,-0.005039529120198297
20,40,40,0.01,0.5,-inf,recent_6m 跑输 ETF -13.16pp 超过容忍带 -5.0pp,9.34,-0.10980000000000001,1.0259,-0.13158181818181802,-0.008539529120198286,9.34,-0.10980000000000001,1.0259,-0.13158181818181802,-0.008539529120198286,9.34,-0.10980000000000001,1.0259,-0.13158181818181802,-0.008539529120198286
20,40,40,0.01,0.7,-inf,recent_6m 跑输 ETF -9.29pp 超过容忍带 -5.0pp,10.57,-0.10880000000000001,1.1497,-0.09288181818181807,-0.009539529120198287,10.57,-0.10880000000000001,1.1497,-0.09288181818181807,-0.009539529120198287,10.57,-0.10880000000000001,1.1497,-0.09288181818181807,-0.009539529120198287
20,40,40,0.02,0.3,-inf,recent_6m 跑输 ETF -17.40pp 超过容忍带 -5.0pp,7.89,-0.1133,0.8943000000000001,-0.17398181818181802,-0.005039529120198297,7.89,-0.1133,0.8943000000000001,-0.17398181818181802,-0.005039529120198297,7.89,-0.1133,0.8943000000000001,-0.17398181818181802,-0.005039529120198297
20,40,40,0.02,0.5,-inf,recent_6m 跑输 ETF -13.16pp 超过容忍带 -5.0pp,9.34,-0.10980000000000001,1.0259,-0.13158181818181802,-0.008539529120198286,9.34,-0.10980000000000001,1.0259,-0.13158181818181802,-0.008539529120198286,9.34,-0.10980000000000001,1.0259,-0.13158181818181802,-0.008539529120198286
20,40,40,0.02,0.7,-inf,recent_6m 跑输 ETF -9.29pp 超过容忍带 -5.0pp,10.57,-0.10880000000000001,1.1497,-0.09288181818181807,-0.009539529120198287,10.57,-0.10880000000000001,1.1497,-0.09288181818181807,-0.009539529120198287,10.57,-0.10880000000000001,1.1497,-0.09288181818181807,-0.009539529120198287
20,40,60,0.0,0.3,-inf,recent_6m 跑输 ETF -12.66pp 超过容忍带 -5.0pp,9.8,-0.1063,1.0415999999999999,-0.12658181818181813,-0.012039529120198289,9.8,-0.1063,1.0415999999999999,-0.12658181818181813,-0.012039529120198289,9.8,-0.1063,1.0415999999999999,-0.12658181818181813,-0.012039529120198289
20,40,60,0.0,0.5,-inf,recent_6m 跑输 ETF -10.03pp 超过容忍带 -5.0pp,10.54,-0.10679999999999999,1.1259000000000001,-0.10028181818181814,-0.011539529120198302,10.54,-0.10679999999999999,1.1259000000000001,-0.10028181818181814,-0.011539529120198302,10.54,-0.10679999999999999,1.1259000000000001,-0.10028181818181814,-0.011539529120198302
20,40,60,0.0,0.7,-inf,recent_6m 跑输 ETF -7.58pp 超过容忍带 -5.0pp,11.25,-0.1072,1.2058,-0.07578181818181817,-0.011139529120198291,11.25,-0.1072,1.2058,-0.07578181818181817,-0.011139529120198291,11.25,-0.1072,1.2058,-0.07578181818181817,-0.011139529120198291
20,40,60,0.01,0.3,-inf,recent_6m 跑输 ETF -13.76pp 超过容忍带 -5.0pp,8.88,-0.1134,1.0068000000000001,-0.13758181818181803,-0.004939529120198294,8.88,-0.1134,1.0068000000000001,-0.13758181818181803,-0.004939529120198294,8.88,-0.1134,1.0068000000000001,-0.13758181818181803,-0.004939529120198294
15,40,40,0.02,0.3,-inf,recent_6m 跑输 ETF -13.59pp 超过容忍带 -5.0pp,11.18,-0.09050000000000001,1.0122,-0.135881818181818,-0.027839529120198284,11.18,-0.09050000000000001,1.0122,-0.135881818181818,-0.027839529120198284,11.18,-0.09050000000000001,1.0122,-0.135881818181818,-0.027839529120198284
15,40,40,0.01,0.5,-inf,recent_6m 跑输 ETF -11.12pp 超过容忍带 -5.0pp,11.18,-0.09759999999999999,1.0907,-0.11118181818181805,-0.020739529120198302,11.18,-0.09759999999999999,1.0907,-0.11118181818181805,-0.020739529120198302,11.18,-0.09759999999999999,1.0907,-0.11118181818181805,-0.020739529120198302
10,30,30,0.0,0.5,-inf,recent_6m 跑输 ETF -14.14pp 超过容忍带 -5.0pp,12.96,-0.0767,0.9948999999999999,-0.14138181818181805,-0.04163952912019829,12.96,-0.0767,0.9948999999999999,-0.14138181818181805,-0.04163952912019829,12.96,-0.0767,0.9948999999999999,-0.14138181818181805,-0.04163952912019829
10,60,30,0.02,0.3,-inf,recent_6m 跑输 ETF -25.22pp 超过容忍带 -5.0pp,5.41,-0.12269999999999999,0.6643000000000001,-0.25218181818181806,0.004360470879801695,5.41,-0.12269999999999999,0.6643000000000001,-0.25218181818181806,0.004360470879801695,5.41,-0.12269999999999999,0.6643000000000001,-0.25218181818181806,0.004360470879801695
10,40,30,0.01,0.7,-inf,recent_6m 跑输 ETF -15.09pp 超过容忍带 -5.0pp,8.44,-0.1144,0.9654,-0.15088181818181812,-0.003939529120198293,8.44,-0.1144,0.9654,-0.15088181818181812,-0.003939529120198293,8.44,-0.1144,0.9654,-0.15088181818181812,-0.003939529120198293
10,40,30,0.02,0.3,-inf,recent_6m 跑输 ETF -29.80pp 超过容忍带 -5.0pp,4.31,-0.1247,0.5371,-0.2979818181818181,0.006360470879801711,4.31,-0.1247,0.5371,-0.2979818181818181,0.006360470879801711,4.31,-0.1247,0.5371,-0.2979818181818181,0.006360470879801711
10,40,30,0.02,0.5,-inf,recent_6m 跑输 ETF -23.33pp 超过容忍带 -5.0pp,6.0,-0.1197,0.7184,-0.23328181818181815,0.0013604708798017062,6.0,-0.1197,0.7184,-0.23328181818181815,0.0013604708798017062,6.0,-0.1197,0.7184,-0.23328181818181815,0.0013604708798017062
10,40,30,0.02,0.7,-inf,recent_6m 跑输 ETF -15.11pp 超过容忍带 -5.0pp,8.68,-0.11109999999999999,0.9645999999999999,-0.1510818181818181,-0.007239529120198304,8.68,-0.11109999999999999,0.9645999999999999,-0.1510818181818181,-0.007239529120198304,8.68,-0.11109999999999999,0.9645999999999999,-0.1510818181818181,-0.007239529120198304
10,40,40,0.0,0.3,-inf,recent_6m 跑输 ETF -20.74pp 超过容忍带 -5.0pp,9.59,-0.0828,0.7940999999999999,-0.2073818181818181,-0.035539529120198296,9.59,-0.0828,0.7940999999999999,-0.2073818181818181,-0.035539529120198296,9.59,-0.0828,0.7940999999999999,-0.2073818181818181,-0.035539529120198296
10,40,40,0.0,0.5,-inf,recent_6m 跑输 ETF -16.00pp 超过容忍带 -5.0pp,10.37,-0.09029999999999999,0.9373,-0.159981818181818,-0.028039529120198303,10.37,-0.09029999999999999,0.9373,-0.159981818181818,-0.028039529120198303,10.37,-0.09029999999999999,0.9373,-0.159981818181818,-0.028039529120198303
10,40,40,0.0,0.7,-inf,recent_6m 跑输 ETF -11.28pp 超过容忍带 -5.0pp,11.13,-0.0975,1.0854000000000001,-0.1127818181818181,-0.02083952912019829,11.13,-0.0975,1.0854000000000001,-0.1127818181818181,-0.02083952912019829,11.13,-0.0975,1.0854000000000001,-0.1127818181818181,-0.02083952912019829
10,40,40,0.01,0.3,-inf,recent_6m 跑输 ETF -24.89pp 超过容忍带 -5.0pp,6.68,-0.1008,0.6736,-0.24888181818181798,-0.017539529120198294,6.68,-0.1008,0.6736,-0.24888181818181798,-0.017539529120198294,6.68,-0.1008,0.6736,-0.24888181818181798,-0.017539529120198294
10,40,40,0.01,0.5,-inf,recent_6m 跑输 ETF -19.85pp 超过容忍带 -5.0pp,7.97,-0.10300000000000001,0.8206,-0.19848181818181798,-0.015339529120198286,7.97,-0.10300000000000001,0.8206,-0.19848181818181798,-0.015339529120198286,7.97,-0.10300000000000001,0.8206,-0.19848181818181798,-0.015339529120198286
10,40,40,0.01,0.7,-inf,recent_6m 跑输 ETF -13.57pp 超过容忍带 -5.0pp,9.65,-0.105,1.0127,-0.13568181818181801,-0.013339529120198299,9.65,-0.105,1.0127,-0.13568181818181801,-0.013339529120198299,9.65,-0.105,1.0127,-0.13568181818181801,-0.013339529120198299
10,40,40,0.02,0.3,-inf,recent_6m 跑输 ETF -29.40pp 超过容忍带 -5.0pp,4.39,-0.1247,0.5479999999999999,-0.2939818181818181,0.006360470879801711,4.39,-0.1247,0.5479999999999999,-0.2939818181818181,0.006360470879801711,4.39,-0.1247,0.5479999999999999,-0.2939818181818181,0.006360470879801711
10,40,40,0.02,0.5,-inf,recent_6m 跑输 ETF -23.10pp 超过容忍带 -5.0pp,6.06,-0.1197,0.725,-0.23098181818181818,0.0013604708798017062,6.06,-0.1197,0.725,-0.23098181818181818,0.0013604708798017062,6.06,-0.1197,0.725,-0.23098181818181818,0.0013604708798017062
10,40,40,0.02,0.7,-inf,recent_6m 跑输 ETF -15.00pp 超过容忍带 -5.0pp,8.72,-0.11109999999999999,0.968,-0.149981818181818,-0.007239529120198304,8.72,-0.11109999999999999,0.968,-0.149981818181818,-0.007239529120198304,8.72,-0.11109999999999999,0.968,-0.149981818181818,-0.007239529120198304
10,40,60,0.0,0.3,-inf,recent_6m 跑输 ETF -18.85pp 超过容忍带 -5.0pp,10.27,-0.0828,0.8503000000000001,-0.18848181818181797,-0.035539529120198296,10.27,-0.0828,0.8503000000000001,-0.18848181818181797,-0.035539529120198296,10.27,-0.0828,0.8503000000000001,-0.18848181818181797,-0.035539529120198296
10,40,60,0.0,0.5,-inf,recent_6m 跑输 ETF -14.97pp 超过容忍带 -5.0pp,10.72,-0.0904,0.9691,-0.14968181818181803,-0.0279395291201983,10.72,-0.0904,0.9691,-0.14968181818181803,-0.0279395291201983,10.72,-0.0904,0.9691,-0.14968181818181803,-0.0279395291201983
10,40,60,0.0,0.7,-inf,recent_6m 跑输 ETF -9.96pp 超过容忍带 -5.0pp,11.58,-0.0975,1.1281999999999999,-0.099581818181818,-0.02083952912019829,11.58,-0.0975,1.1281999999999999,-0.099581818181818,-0.02083952912019829,11.58,-0.0975,1.1281999999999999,-0.099581818181818,-0.02083952912019829
10,40,60,0.01,0.3,-inf,recent_6m 跑输 ETF -24.48pp 超过容忍带 -5.0pp,6.8,-0.1007,0.6853,-0.244781818181818,-0.017639529120198297,6.8,-0.1007,0.6853,-0.244781818181818,-0.017639529120198297,6.8,-0.1007,0.6853,-0.244781818181818,-0.017639529120198297
10,40,60,0.01,0.5,-inf,recent_6m 跑输 ETF -19.44pp 超过容忍带 -5.0pp,8.08,-0.10300000000000001,0.8327,-0.194381818181818,-0.015339529120198286,8.08,-0.10300000000000001,0.8327,-0.194381818181818,-0.015339529120198286,8.08,-0.10300000000000001,0.8327,-0.194381818181818,-0.015339529120198286
10,40,60,0.01,0.7,-inf,recent_6m 跑输 ETF -13.36pp 超过容忍带 -5.0pp,9.72,-0.10490000000000001,1.0193,-0.13358181818181802,-0.013439529120198287,9.72,-0.10490000000000001,1.0193,-0.13358181818181802,-0.013439529120198287,9.72,-0.10490000000000001,1.0193,-0.13358181818181802,-0.013439529120198287
10,40,60,0.02,0.3,-inf,recent_6m 跑输 ETF -28.77pp 超过容忍带 -5.0pp,4.61,-0.1226,0.565,-0.28768181818181815,0.004260470879801706,4.61,-0.1226,0.565,-0.28768181818181815,0.004260470879801706,4.61,-0.1226,0.565,-0.28768181818181815,0.004260470879801706
10,40,60,0.02,0.5,-inf,recent_6m 跑输 ETF -22.71pp 超过容忍带 -5.0pp,6.15,-0.1198,0.7363,-0.22708181818181816,0.001460470879801709,6.15,-0.1198,0.7363,-0.22708181818181816,0.001460470879801709,6.15,-0.1198,0.7363,-0.22708181818181816,0.001460470879801709
10,40,60,0.02,0.7,-inf,recent_6m 跑输 ETF -14.80pp 超过容忍带 -5.0pp,8.78,-0.111,0.9743999999999999,-0.147981818181818,-0.007339529120198293,8.78,-0.111,0.9743999999999999,-0.147981818181818,-0.007339529120198293,8.78,-0.111,0.9743999999999999,-0.147981818181818,-0.007339529120198293
10,60,30,0.0,0.3,-inf,recent_6m 跑输 ETF -20.26pp 超过容忍带 -5.0pp,7.51,-0.1076,0.8081999999999999,-0.20258181818181797,-0.010739529120198293,7.51,-0.1076,0.8081999999999999,-0.20258181818181797,-0.010739529120198293,7.51,-0.1076,0.8081999999999999,-0.20258181818181797,-0.010739529120198293
10,60,30,0.0,0.5,-inf,recent_6m 跑输 ETF -15.94pp 超过容忍带 -5.0pp,8.67,-0.10830000000000001,0.9392,-0.15938181818181807,-0.010039529120198287,8.67,-0.10830000000000001,0.9392,-0.15938181818181807,-0.010039529120198287,8.67,-0.10830000000000001,0.9392,-0.15938181818181807,-0.010039529120198287
10,60,30,0.0,0.7,-inf,recent_6m 跑输 ETF -11.40pp 超过容忍带 -5.0pp,10.11,-0.107,1.0818,-0.11398181818181818,-0.011339529120198297,10.11,-0.107,1.0818,-0.11398181818181818,-0.011339529120198297,10.11,-0.107,1.0818,-0.11398181818181818,-0.011339529120198297
10,60,30,0.01,0.3,-inf,recent_6m 跑输 ETF -24.39pp 超过容忍带 -5.0pp,5.49,-0.1253,0.688,-0.2438818181818181,0.0069604708798017,5.49,-0.1253,0.688,-0.2438818181818181,0.0069604708798017,5.49,-0.1253,0.688,-0.2438818181818181,0.0069604708798017
10,60,30,0.01,0.5,-inf,recent_6m 跑输 ETF -19.79pp 超过容忍带 -5.0pp,6.81,-0.1207,0.8223999999999999,-0.19788181818181805,0.002360470879801707,6.81,-0.1207,0.8223999999999999,-0.19788181818181805,0.002360470879801707,6.81,-0.1207,0.8223999999999999,-0.19788181818181805,0.002360470879801707
10,40,30,0.01,0.5,-inf,recent_6m 跑输 ETF -22.30pp 超过容忍带 -5.0pp,6.31,-0.1186,0.7482,-0.22298181818181817,0.00026047087980170247,6.31,-0.1186,0.7482,-0.22298181818181817,0.00026047087980170247,6.31,-0.1186,0.7482,-0.22298181818181817,0.00026047087980170247
10,40,30,0.01,0.3,-inf,recent_6m 跑输 ETF -28.28pp 超过容忍带 -5.0pp,4.73,-0.1223,0.5785,-0.282781818181818,0.003960470879801711,4.73,-0.1223,0.5785,-0.282781818181818,0.003960470879801711,4.73,-0.1223,0.5785,-0.282781818181818,0.003960470879801711
10,40,30,0.0,0.7,-inf,recent_6m 跑输 ETF -12.88pp 超过容忍带 -5.0pp,9.67,-0.107,1.0344,-0.1287818181818181,-0.011339529120198297,9.67,-0.107,1.0344,-0.1287818181818181,-0.011339529120198297,9.67,-0.107,1.0344,-0.1287818181818181,-0.011339529120198297
10,30,40,0.01,0.7,-inf,recent_6m 跑输 ETF -12.85pp 超过容忍带 -5.0pp,10.19,-0.1016,1.0354999999999999,-0.12848181818181814,-0.0167395291201983,10.19,-0.1016,1.0354999999999999,-0.12848181818181814,-0.0167395291201983,10.19,-0.1016,1.0354999999999999,-0.12848181818181814,-0.0167395291201983
10,30,30,0.0,0.7,-inf,recent_6m 跑输 ETF -9.80pp 超过容忍带 -5.0pp,13.01,-0.08710000000000001,1.1334,-0.09798181818181817,-0.031239529120198284,13.01,-0.08710000000000001,1.1334,-0.09798181818181817,-0.031239529120198284,13.01,-0.08710000000000001,1.1334,-0.09798181818181817,-0.031239529120198284
10,30,30,0.01,0.3,-inf,recent_6m 跑输 ETF -24.79pp 超过容忍带 -5.0pp,6.94,-0.0975,0.6764,-0.2478818181818181,-0.02083952912019829,6.94,-0.0975,0.6764,-0.2478818181818181,-0.02083952912019829,6.94,-0.0975,0.6764,-0.2478818181818181,-0.02083952912019829
10,30,30,0.01,0.5,-inf,recent_6m 跑输 ETF -18.09pp 超过容忍带 -5.0pp,9.68,-0.0902,0.8733,-0.18088181818181814,-0.028139529120198292,9.68,-0.0902,0.8733,-0.18088181818181814,-0.028139529120198292,9.68,-0.0902,0.8733,-0.18088181818181814,-0.028139529120198292
10,30,30,0.01,0.7,-inf,recent_6m 跑输 ETF -12.09pp 超过容忍带 -5.0pp,11.12,-0.0953,1.0595,-0.12088181818181809,-0.0230395291201983,11.12,-0.0953,1.0595,-0.12088181818181809,-0.0230395291201983,11.12,-0.0953,1.0595,-0.12088181818181809,-0.0230395291201983
10,30,30,0.02,0.3,-inf,recent_6m 跑输 ETF -26.02pp 超过容忍带 -5.0pp,6.57,-0.09759999999999999,0.6416,-0.26018181818181807,-0.020739529120198302,6.57,-0.09759999999999999,0.6416,-0.26018181818181807,-0.020739529120198302,6.57,-0.09759999999999999,0.6416,-0.26018181818181807,-0.020739529120198302
10,30,30,0.02,0.5,-inf,recent_6m 跑输 ETF -18.98pp 超过容忍带 -5.0pp,9.38,-0.0902,0.8464,-0.18978181818181805,-0.028139529120198292,9.38,-0.0902,0.8464,-0.18978181818181805,-0.028139529120198292,9.38,-0.0902,0.8464,-0.18978181818181805,-0.028139529120198292
10,30,30,0.02,0.7,-inf,recent_6m 跑输 ETF -12.64pp 超过容忍带 -5.0pp,10.94,-0.0953,1.0421,-0.12638181818181815,-0.0230395291201983,10.94,-0.0953,1.0421,-0.12638181818181815,-0.0230395291201983,10.94,-0.0953,1.0421,-0.12638181818181815,-0.0230395291201983
10,30,40,0.0,0.3,-inf,recent_6m 跑输 ETF -20.70pp 超过容忍带 -5.0pp,9.32,-0.08529999999999999,0.7954000000000001,-0.20698181818181816,-0.03303952912019831,9.32,-0.08529999999999999,0.7954000000000001,-0.20698181818181816,-0.03303952912019831,9.32,-0.08529999999999999,0.7954000000000001,-0.20698181818181816,-0.03303952912019831
10,30,40,0.0,0.5,-inf,recent_6m 跑输 ETF -15.78pp 超过容忍带 -5.0pp,10.29,-0.0917,0.9440999999999999,-0.15778181818181802,-0.02663952912019829,10.29,-0.0917,0.9440999999999999,-0.15778181818181802,-0.02663952912019829,10.29,-0.0917,0.9440999999999999,-0.15778181818181802,-0.02663952912019829
10,30,40,0.0,0.7,-inf,recent_6m 跑输 ETF -10.57pp 超过容忍带 -5.0pp,11.76,-0.0943,1.1083,-0.10568181818181799,-0.0240395291201983,11.76,-0.0943,1.1083,-0.10568181818181799,-0.0240395291201983,11.76,-0.0943,1.1083,-0.10568181818181799,-0.0240395291201983
10,30,40,0.01,0.3,-inf,recent_6m 跑输 ETF -24.84pp 超过容忍带 -5.0pp,6.54,-0.1033,0.6751,-0.24838181818181804,-0.015039529120198292,6.54,-0.1033,0.6751,-0.24838181818181804,-0.015039529120198292,6.54,-0.1033,0.6751,-0.24838181818181804,-0.015039529120198292
10,30,40,0.01,0.5,-inf,recent_6m 跑输 ETF -19.62pp 超过容忍带 -5.0pp,7.94,-0.1042,0.8273999999999999,-0.196181818181818,-0.014139529120198294,7.94,-0.1042,0.8273999999999999,-0.196181818181818,-0.014139529120198294,7.94,-0.1042,0.8273999999999999,-0.196181818181818,-0.014139529120198294
10,30,40,0.02,0.3,-inf,recent_6m 跑输 ETF -29.00pp 超过容忍带 -5.0pp,4.48,-0.1247,0.5588000000000001,-0.2899818181818181,0.006360470879801711,4.48,-0.1247,0.5588000000000001,-0.2899818181818181,0.006360470879801711,4.48,-0.1247,0.5588000000000001,-0.2899818181818181,0.006360470879801711
10,40,30,0.0,0.5,-inf,recent_6m 跑输 ETF -18.52pp 超过容忍带 -5.0pp,8.1,-0.10619999999999999,0.8604999999999999,-0.18518181818181811,-0.012139529120198306,8.1,-0.10619999999999999,0.8604999999999999,-0.18518181818181811,-0.012139529120198306,8.1,-0.10619999999999999,0.8604999999999999,-0.18518181818181811,-0.012139529120198306
10,30,40,0.02,0.5,-inf,recent_6m 跑输 ETF -22.71pp 超过容忍带 -5.0pp,6.15,-0.1198,0.7363,-0.22708181818181816,0.001460470879801709,6.15,-0.1198,0.7363,-0.22708181818181816,0.001460470879801709,6.15,-0.1198,0.7363,-0.22708181818181816,0.001460470879801709
10,30,40,0.02,0.7,-inf,recent_6m 跑输 ETF -14.80pp 超过容忍带 -5.0pp,8.78,-0.111,0.9743999999999999,-0.147981818181818,-0.007339529120198293,8.78,-0.111,0.9743999999999999,-0.147981818181818,-0.007339529120198293,8.78,-0.111,0.9743999999999999,-0.147981818181818,-0.007339529120198293
10,30,60,0.0,0.3,-inf,recent_6m 跑输 ETF -17.47pp 超过容忍带 -5.0pp,10.78,-0.0827,0.8920999999999999,-0.17468181818181816,-0.0356395291201983,10.78,-0.0827,0.8920999999999999,-0.17468181818181816,-0.0356395291201983,10.78,-0.0827,0.8920999999999999,-0.17468181818181816,-0.0356395291201983
10,30,60,0.0,0.5,-inf,recent_6m 跑输 ETF -14.12pp 超过容忍带 -5.0pp,11.03,-0.09029999999999999,0.9956999999999999,-0.14118181818181808,-0.028039529120198303,11.03,-0.09029999999999999,0.9956999999999999,-0.14118181818181808,-0.028039529120198303,11.03,-0.09029999999999999,0.9956999999999999,-0.14118181818181808,-0.028039529120198303
10,30,60,0.0,0.7,-inf,recent_6m 跑输 ETF -9.63pp 超过容忍带 -5.0pp,11.69,-0.0974,1.1389,-0.09628181818181814,-0.020939529120198294,11.69,-0.0974,1.1389,-0.09628181818181814,-0.020939529120198294,11.69,-0.0974,1.1389,-0.09628181818181814,-0.020939529120198294
10,30,60,0.01,0.3,-inf,recent_6m 跑输 ETF -23.15pp 超过容忍带 -5.0pp,7.19,-0.1007,0.7236,-0.23148181818181812,-0.017639529120198297,7.19,-0.1007,0.7236,-0.23148181818181812,-0.017639529120198297,7.19,-0.1007,0.7236,-0.23148181818181812,-0.017639529120198297
10,30,60,0.01,0.5,-inf,recent_6m 跑输 ETF -18.61pp 超过容忍带 -5.0pp,8.33,-0.10300000000000001,0.8576999999999999,-0.18608181818181802,-0.015339529120198286,8.33,-0.10300000000000001,0.8576999999999999,-0.18608181818181802,-0.015339529120198286,8.33,-0.10300000000000001,0.8576999999999999,-0.18608181818181802,-0.015339529120198286
10,30,60,0.01,0.7,-inf,recent_6m 跑输 ETF -13.05pp 超过容忍带 -5.0pp,9.81,-0.10490000000000001,1.0293,-0.13048181818181814,-0.013439529120198287,9.81,-0.10490000000000001,1.0293,-0.13048181818181814,-0.013439529120198287,9.81,-0.10490000000000001,1.0293,-0.13048181818181814,-0.013439529120198287
10,30,60,0.02,0.3,-inf,recent_6m 跑输 ETF -27.73pp 超过容忍带 -5.0pp,4.76,-0.12480000000000001,0.594,-0.2772818181818182,0.0064604708798017135,4.76,-0.12480000000000001,0.594,-0.2772818181818182,0.0064604708798017135,4.76,-0.12480000000000001,0.594,-0.2772818181818182,0.0064604708798017135
10,30,60,0.02,0.5,-inf,recent_6m 跑输 ETF -21.89pp 超过容忍带 -5.0pp,6.35,-0.11960000000000001,0.7603,-0.21888181818181818,0.0012604708798017172,6.35,-0.11960000000000001,0.7603,-0.21888181818181818,0.0012604708798017172,6.35,-0.11960000000000001,0.7603,-0.21888181818181818,0.0012604708798017172
10,30,60,0.02,0.7,-inf,recent_6m 跑输 ETF -14.45pp 超过容忍带 -5.0pp,8.86,-0.1112,0.9853000000000001,-0.14448181818181816,-0.007139529120198301,8.86,-0.1112,0.9853000000000001,-0.14448181818181816,-0.007139529120198301,8.86,-0.1112,0.9853000000000001,-0.14448181818181816,-0.007139529120198301
10,40,30,0.0,0.3,-inf,recent_6m 跑输 ETF -24.25pp 超过容忍带 -5.0pp,6.6,-0.1048,0.6919,-0.24248181818181802,-0.01353952912019829,6.6,-0.1048,0.6919,-0.24248181818181802,-0.01353952912019829,6.6,-0.1048,0.6919,-0.24248181818181802,-0.01353952912019829
10,60,30,0.01,0.7,-inf,recent_6m 跑输 ETF -13.68pp 超过容忍带 -5.0pp,8.83,-0.1143,1.0094,-0.13678181818181812,-0.004039529120198296,8.83,-0.1143,1.0094,-0.13678181818181812,-0.004039529120198296,8.83,-0.1143,1.0094,-0.13678181818181812,-0.004039529120198296
10,60,30,0.02,0.5,-inf,recent_6m 跑输 ETF -20.45pp 超过容忍带 -5.0pp,6.7,-0.1197,0.8026000000000001,-0.204481818181818,0.0013604708798017062,6.7,-0.1197,0.8026000000000001,-0.204481818181818,0.0013604708798017062,6.7,-0.1197,0.8026000000000001,-0.204481818181818,0.0013604708798017062
15,40,40,0.01,0.3,-inf,recent_6m 跑输 ETF -15.17pp 超过容忍带 -5.0pp,9.53,-0.10099999999999999,0.9628,-0.15168181818181803,-0.017339529120198302,9.53,-0.10099999999999999,0.9628,-0.15168181818181803,-0.017339529120198302,9.53,-0.10099999999999999,0.9628,-0.15168181818181803,-0.017339529120198302
10,60,30,0.02,0.7,-inf,recent_6m 跑输 ETF -13.65pp 超过容忍带 -5.0pp,9.1,-0.111,1.0103,-0.13648181818181815,-0.007339529120198293,9.1,-0.111,1.0103,-0.13648181818181815,-0.007339529120198293,9.1,-0.111,1.0103,-0.13648181818181815,-0.007339529120198293
15,30,40,0.01,0.3,-inf,recent_6m 跑输 ETF -13.11pp 超过容忍带 -5.0pp,10.76,-0.0955,1.0272,-0.13108181818181808,-0.022839529120198293,10.76,-0.0955,1.0272,-0.13108181818181808,-0.022839529120198293,10.76,-0.0955,1.0272,-0.13108181818181808,-0.022839529120198293
15,30,40,0.01,0.5,-inf,recent_6m 跑输 ETF -10.05pp 超过容忍带 -5.0pp,11.54,-0.0975,1.1251,-0.10048181818181812,-0.02083952912019829,11.54,-0.0975,1.1251,-0.10048181818181812,-0.02083952912019829,11.54,-0.0975,1.1251,-0.10048181818181812,-0.02083952912019829
15,30,40,0.01,0.7,-inf,recent_6m 跑输 ETF -6.89pp 超过容忍带 -5.0pp,12.33,-0.09970000000000001,1.2286,-0.06888181818181804,-0.018639529120198284,12.33,-0.09970000000000001,1.2286,-0.06888181818181804,-0.018639529120198284,12.33,-0.09970000000000001,1.2286,-0.06888181818181804,-0.018639529120198284
15,30,40,0.02,0.3,-inf,recent_6m 跑输 ETF -11.57pp 超过容忍带 -5.0pp,12.63,-0.0852,1.0762,-0.115681818181818,-0.0331395291201983,12.63,-0.0852,1.0762,-0.115681818181818,-0.0331395291201983,12.63,-0.0852,1.0762,-0.115681818181818,-0.0331395291201983
15,30,40,0.02,0.5,-inf,recent_6m 跑输 ETF -8.94pp 超过容忍带 -5.0pp,12.88,-0.0902,1.1614,-0.089381818181818,-0.028139529120198292,12.88,-0.0902,1.1614,-0.089381818181818,-0.028139529120198292,12.88,-0.0902,1.1614,-0.089381818181818,-0.028139529120198292
15,30,40,0.02,0.7,-inf,recent_6m 跑输 ETF -6.22pp 超过容忍带 -5.0pp,13.13,-0.0953,1.2512,-0.062181818181818116,-0.0230395291201983,13.13,-0.0953,1.2512,-0.062181818181818116,-0.0230395291201983,13.13,-0.0953,1.2512,-0.062181818181818116,-0.0230395291201983
15,30,60,0.0,0.3,-inf,recent_6m 跑输 ETF -13.89pp 超过容忍带 -5.0pp,9.62,-0.1042,1.0027,-0.1388818181818181,-0.014139529120198294,9.62,-0.1042,1.0027,-0.1388818181818181,-0.014139529120198294,9.62,-0.1042,1.0027,-0.1388818181818181,-0.014139529120198294
15,30,60,0.0,0.5,-inf,recent_6m 跑输 ETF -9.56pp 超过容忍带 -5.0pp,11.7,-0.0975,1.141,-0.09558181818181799,-0.02083952912019829,11.7,-0.0975,1.141,-0.09558181818181799,-0.02083952912019829,11.7,-0.0975,1.141,-0.09558181818181799,-0.02083952912019829
15,30,60,0.0,0.7,-inf,recent_6m 跑输 ETF -6.47pp 超过容忍带 -5.0pp,12.48,-0.09960000000000001,1.2427,-0.06468181818181806,-0.018739529120198287,12.48,-0.09960000000000001,1.2427,-0.06468181818181806,-0.018739529120198287,12.48,-0.09960000000000001,1.2427,-0.06468181818181806,-0.018739529120198287
15,30,60,0.01,0.3,-inf,recent_6m 跑输 ETF -12.47pp 超过容忍带 -5.0pp,10.98,-0.09539999999999998,1.0476999999999999,-0.12468181818181812,-0.02293952912019831,10.98,-0.09539999999999998,1.0476999999999999,-0.12468181818181812,-0.02293952912019831,10.98,-0.09539999999999998,1.0476999999999999,-0.12468181818181812,-0.02293952912019831
15,30,60,0.01,0.5,-inf,recent_6m 跑输 ETF -9.56pp 超过容忍带 -5.0pp,11.7,-0.0975,1.141,-0.09558181818181799,-0.02083952912019829,11.7,-0.0975,1.141,-0.09558181818181799,-0.02083952912019829,11.7,-0.0975,1.141,-0.09558181818181799,-0.02083952912019829
15,30,60,0.01,0.7,-inf,recent_6m 跑输 ETF -6.47pp 超过容忍带 -5.0pp,12.48,-0.09960000000000001,1.2427,-0.06468181818181806,-0.018739529120198287,12.48,-0.09960000000000001,1.2427,-0.06468181818181806,-0.018739529120198287,12.48,-0.09960000000000001,1.2427,-0.06468181818181806,-0.018739529120198287
15,30,60,0.02,0.3,-inf,recent_6m 跑输 ETF -10.92pp 超过容忍带 -5.0pp,12.88,-0.0852,1.0971,-0.10918181818181805,-0.0331395291201983,12.88,-0.0852,1.0971,-0.10918181818181805,-0.0331395291201983,12.88,-0.0852,1.0971,-0.10918181818181805,-0.0331395291201983
15,30,60,0.02,0.5,-inf,recent_6m 跑输 ETF -8.44pp 超过容忍带 -5.0pp,13.05,-0.0902,1.1775,-0.08438181818181811,-0.028139529120198292,13.05,-0.0902,1.1775,-0.08438181818181811,-0.028139529120198292,13.05,-0.0902,1.1775,-0.08438181818181811,-0.028139529120198292
15,30,60,0.02,0.7,-inf,recent_6m 跑输 ETF -5.79pp 超过容忍带 -5.0pp,13.29,-0.09519999999999999,1.2654,-0.057881818181818145,-0.0231395291201983,13.29,-0.09519999999999999,1.2654,-0.057881818181818145,-0.0231395291201983,13.29,-0.09519999999999999,1.2654,-0.057881818181818145,-0.0231395291201983
15,40,30,0.0,0.3,-inf,recent_6m 跑输 ETF -15.23pp 超过容忍带 -5.0pp,10.06,-0.0955,0.9609000000000001,-0.15228181818181818,-0.022839529120198293,10.06,-0.0955,0.9609000000000001,-0.15228181818181818,-0.022839529120198293,10.06,-0.0955,0.9609000000000001,-0.15228181818181818,-0.022839529120198293
15,40,30,0.0,0.5,-inf,recent_6m 跑输 ETF -11.82pp 超过容忍带 -5.0pp,10.96,-0.0975,1.0683,-0.11818181818181817,-0.02083952912019829,10.96,-0.0975,1.0683,-0.11818181818181817,-0.02083952912019829,10.96,-0.0975,1.0683,-0.11818181818181817,-0.02083952912019829
15,40,30,0.0,0.7,-inf,recent_6m 跑输 ETF -7.78pp 超过容忍带 -5.0pp,12.04,-0.09960000000000001,1.1994,-0.07778181818181817,-0.018739529120198287,12.04,-0.09960000000000001,1.1994,-0.07778181818181817,-0.018739529120198287,12.04,-0.09960000000000001,1.1994,-0.07778181818181817,-0.018739529120198287
15,40,30,0.01,0.3,-inf,recent_6m 跑输 ETF -15.23pp 超过容忍带 -5.0pp,10.06,-0.0955,0.9609000000000001,-0.15228181818181818,-0.022839529120198293,10.06,-0.0955,0.9609000000000001,-0.15228181818181818,-0.022839529120198293,10.06,-0.0955,0.9609000000000001,-0.15228181818181818,-0.022839529120198293
15,40,30,0.01,0.5,-inf,recent_6m 跑输 ETF -11.82pp 超过容忍带 -5.0pp,10.96,-0.0975,1.0683,-0.11818181818181817,-0.02083952912019829,10.96,-0.0975,1.0683,-0.11818181818181817,-0.02083952912019829,10.96,-0.0975,1.0683,-0.11818181818181817,-0.02083952912019829
15,40,30,0.01,0.7,-inf,recent_6m 跑输 ETF -7.78pp 超过容忍带 -5.0pp,12.04,-0.09960000000000001,1.1994,-0.07778181818181817,-0.018739529120198287,12.04,-0.09960000000000001,1.1994,-0.07778181818181817,-0.018739529120198287,12.04,-0.09960000000000001,1.1994,-0.07778181818181817,-0.018739529120198287
15,40,30,0.02,0.3,-inf,recent_6m 跑输 ETF -13.71pp 超过容忍带 -5.0pp,11.83,-0.08529999999999999,1.0084,-0.13708181818181808,-0.03303952912019831,11.83,-0.08529999999999999,1.0084,-0.13708181818181808,-0.03303952912019831,11.83,-0.08529999999999999,1.0084,-0.13708181818181808,-0.03303952912019831
15,40,30,0.02,0.5,-inf,recent_6m 跑输 ETF -10.72pp 超过容忍带 -5.0pp,12.24,-0.0902,1.1036,-0.10718181818181804,-0.028139529120198292,12.24,-0.0902,1.1036,-0.10718181818181804,-0.028139529120198292,12.24,-0.0902,1.1036,-0.10718181818181804,-0.028139529120198292
15,40,30,0.02,0.7,-inf,recent_6m 跑输 ETF -7.10pp 超过容忍带 -5.0pp,12.82,-0.0953,1.2217,-0.07098181818181803,-0.0230395291201983,12.82,-0.0953,1.2217,-0.07098181818181803,-0.0230395291201983,12.82,-0.0953,1.2217,-0.07098181818181803,-0.0230395291201983
15,40,40,0.0,0.3,-inf,recent_6m 跑输 ETF -15.17pp 超过容忍带 -5.0pp,9.53,-0.10099999999999999,0.9628,-0.15168181818181803,-0.017339529120198302,9.53,-0.10099999999999999,0.9628,-0.15168181818181803,-0.017339529120198302,9.53,-0.10099999999999999,0.9628,-0.15168181818181803,-0.017339529120198302
15,40,40,0.0,0.5,-inf,recent_6m 跑输 ETF -11.12pp 超过容忍带 -5.0pp,11.18,-0.09759999999999999,1.0907,-0.11118181818181805,-0.020739529120198302,11.18,-0.09759999999999999,1.0907,-0.11118181818181805,-0.020739529120198302,11.18,-0.09759999999999999,1.0907,-0.11118181818181805,-0.020739529120198302
15,40,40,0.0,0.7,-inf,recent_6m 跑输 ETF -7.70pp 超过容忍带 -5.0pp,12.07,-0.09960000000000001,1.2019,-0.07698181818181804,-0.018739529120198287,12.07,-0.09960000000000001,1.2019,-0.07698181818181804,-0.018739529120198287,12.07,-0.09960000000000001,1.2019,-0.07698181818181804,-0.018739529120198287
15,30,40,0.0,0.7,-inf,recent_6m 跑输 ETF -6.89pp 超过容忍带 -5.0pp,12.33,-0.09970000000000001,1.2286,-0.06888181818181804,-0.018639529120198284,12.33,-0.09970000000000001,1.2286,-0.06888181818181804,-0.018639529120198284,12.33,-0.09970000000000001,1.2286,-0.06888181818181804,-0.018639529120198284
15,30,40,0.0,0.5,-inf,recent_6m 跑输 ETF -10.05pp 超过容忍带 -5.0pp,11.54,-0.0975,1.1251,-0.10048181818181812,-0.02083952912019829,11.54,-0.0975,1.1251,-0.10048181818181812,-0.02083952912019829,11.54,-0.0975,1.1251,-0.10048181818181812,-0.02083952912019829
15,30,40,0.0,0.3,-inf,recent_6m 跑输 ETF -13.11pp 超过容忍带 -5.0pp,10.76,-0.0955,1.0272,-0.13108181818181808,-0.022839529120198293,10.76,-0.0955,1.0272,-0.13108181818181808,-0.022839529120198293,10.76,-0.0955,1.0272,-0.13108181818181808,-0.022839529120198293
10,60,60,0.01,0.3,-inf,recent_6m 跑输 ETF -19.33pp 超过容忍带 -5.0pp,8.3,-0.1008,0.836,-0.1932818181818181,-0.017539529120198294,8.3,-0.1008,0.836,-0.1932818181818181,-0.017539529120198294,8.3,-0.1008,0.836,-0.1932818181818181,-0.017539529120198294
10,60,40,0.0,0.3,-inf,recent_6m 跑输 ETF -16.59pp 超过容忍带 -5.0pp,11.11,-0.0827,0.9190999999999999,-0.16588181818181802,-0.0356395291201983,11.11,-0.0827,0.9190999999999999,-0.16588181818181802,-0.0356395291201983,11.11,-0.0827,0.9190999999999999,-0.16588181818181802,-0.0356395291201983
10,60,40,0.0,0.5,-inf,recent_6m 跑输 ETF -13.20pp 超过容忍带 -5.0pp,11.33,-0.0904,1.0244,-0.13198181818181798,-0.0279395291201983,11.33,-0.0904,1.0244,-0.13198181818181798,-0.0279395291201983,11.33,-0.0904,1.0244,-0.13198181818181798,-0.0279395291201983
10,60,40,0.0,0.7,-inf,recent_6m 跑输 ETF -9.89pp 超过容忍带 -5.0pp,11.6,-0.0974,1.1301999999999999,-0.09888181818181807,-0.020939529120198294,11.6,-0.0974,1.1301999999999999,-0.09888181818181807,-0.020939529120198294,11.6,-0.0974,1.1301999999999999,-0.09888181818181807,-0.020939529120198294
10,60,40,0.01,0.3,-inf,recent_6m 跑输 ETF -20.82pp 超过容忍带 -5.0pp,7.85,-0.1009,0.7916,-0.20818181818181802,-0.01743952912019829,7.85,-0.1009,0.7916,-0.20818181818181802,-0.01743952912019829,7.85,-0.1009,0.7916,-0.20818181818181802,-0.01743952912019829
10,60,40,0.01,0.5,-inf,recent_6m 跑输 ETF -17.13pp 超过容忍带 -5.0pp,8.76,-0.10300000000000001,0.9024,-0.1712818181818181,-0.015339529120198286,8.76,-0.10300000000000001,0.9024,-0.1712818181818181,-0.015339529120198286,8.76,-0.10300000000000001,0.9024,-0.1712818181818181,-0.015339529120198286
10,60,40,0.01,0.7,-inf,recent_6m 跑输 ETF -12.20pp 超过容忍带 -5.0pp,10.07,-0.10490000000000001,1.0561,-0.12198181818181797,-0.013439529120198287,10.07,-0.10490000000000001,1.0561,-0.12198181818181797,-0.013439529120198287,10.07,-0.10490000000000001,1.0561,-0.12198181818181797,-0.013439529120198287
10,60,40,0.02,0.3,-inf,recent_6m 跑输 ETF -25.22pp 超过容忍带 -5.0pp,5.41,-0.12269999999999999,0.6643000000000001,-0.25218181818181806,0.004360470879801695,5.41,-0.12269999999999999,0.6643000000000001,-0.25218181818181806,0.004360470879801695,5.41,-0.12269999999999999,0.6643000000000001,-0.25218181818181806,0.004360470879801695
10,60,40,0.02,0.5,-inf,recent_6m 跑输 ETF -20.45pp 超过容忍带 -5.0pp,6.7,-0.1197,0.8026000000000001,-0.204481818181818,0.0013604708798017062,6.7,-0.1197,0.8026000000000001,-0.204481818181818,0.0013604708798017062,6.7,-0.1197,0.8026000000000001,-0.204481818181818,0.0013604708798017062
10,60,40,0.02,0.7,-inf,recent_6m 跑输 ETF -13.65pp 超过容忍带 -5.0pp,9.1,-0.111,1.0103,-0.13648181818181815,-0.007339529120198293,9.1,-0.111,1.0103,-0.13648181818181815,-0.007339529120198293,9.1,-0.111,1.0103,-0.13648181818181815,-0.007339529120198293
10,60,60,0.0,0.3,-inf,recent_6m 跑输 ETF -13.50pp 超过容忍带 -5.0pp,12.26,-0.0828,1.0149,-0.1349818181818181,-0.035539529120198296,12.26,-0.0828,1.0149,-0.1349818181818181,-0.035539529120198296,12.26,-0.0828,1.0149,-0.1349818181818181,-0.035539529120198296
10,60,60,0.0,0.5,-inf,recent_6m 跑输 ETF -11.05pp 超过容忍带 -5.0pp,12.1,-0.09029999999999999,1.0927,-0.11048181818181813,-0.028039529120198303,12.1,-0.09029999999999999,1.0927,-0.11048181818181813,-0.028039529120198303,12.1,-0.09029999999999999,1.0927,-0.11048181818181813,-0.028039529120198303
10,60,60,0.0,0.7,-inf,recent_6m 跑输 ETF -7.75pp 超过容忍带 -5.0pp,12.32,-0.0975,1.2004000000000001,-0.07748181818181799,-0.02083952912019829,12.32,-0.0975,1.2004000000000001,-0.07748181818181799,-0.02083952912019829,12.32,-0.0975,1.2004000000000001,-0.07748181818181799,-0.02083952912019829
10,60,60,0.01,0.5,-inf,recent_6m 跑输 ETF -15.65pp 超过容忍带 -5.0pp,9.2,-0.10300000000000001,0.9481,-0.15648181818181817,-0.015339529120198286,9.2,-0.10300000000000001,0.9481,-0.15648181818181817,-0.015339529120198286,9.2,-0.10300000000000001,0.9481,-0.15648181818181817,-0.015339529120198286
15,30,30,0.02,0.7,-inf,recent_6m 跑输 ETF -7.03pp 超过容忍带 -5.0pp,12.85,-0.09519999999999999,1.2241,-0.07028181818181811,-0.0231395291201983,12.85,-0.09519999999999999,1.2241,-0.07028181818181811,-0.0231395291201983,12.85,-0.09519999999999999,1.2241,-0.07028181818181811,-0.0231395291201983
10,60,60,0.01,0.7,-inf,recent_6m 跑输 ETF -11.19pp 超过容忍带 -5.0pp,10.38,-0.10490000000000001,1.0881999999999998,-0.11188181818181797,-0.013439529120198287,10.38,-0.10490000000000001,1.0881999999999998,-0.11188181818181797,-0.013439529120198287,10.38,-0.10490000000000001,1.0881999999999998,-0.11188181818181797,-0.013439529120198287
10,60,60,0.02,0.3,-inf,recent_6m 跑输 ETF -23.78pp 超过容忍带 -5.0pp,5.75,-0.1226,0.7055,-0.2377818181818181,0.004260470879801706,5.75,-0.1226,0.7055,-0.2377818181818181,0.004260470879801706,5.75,-0.1226,0.7055,-0.2377818181818181,0.004260470879801706
10,60,60,0.02,0.5,-inf,recent_6m 跑输 ETF -19.00pp 超过容忍带 -5.0pp,7.06,-0.1198,0.8459,-0.18998181818181803,0.001460470879801709,7.06,-0.1198,0.8459,-0.18998181818181803,0.001460470879801709,7.06,-0.1198,0.8459,-0.18998181818181803,0.001460470879801709
10,60,60,0.02,0.7,-inf,recent_6m 跑输 ETF -12.66pp 超过容忍带 -5.0pp,9.38,-0.111,1.0417,-0.12658181818181813,-0.007339529120198293,9.38,-0.111,1.0417,-0.12658181818181813,-0.007339529120198293,9.38,-0.111,1.0417,-0.12658181818181813,-0.007339529120198293
15,30,30,0.0,0.3,-inf,recent_6m 跑输 ETF -14.25pp 超过容忍带 -5.0pp,10.39,-0.09539999999999998,0.9914000000000001,-0.14248181818181815,-0.02293952912019831,10.39,-0.09539999999999998,0.9914000000000001,-0.14248181818181815,-0.02293952912019831,10.39,-0.09539999999999998,0.9914000000000001,-0.14248181818181815,-0.02293952912019831
15,30,30,0.0,0.5,-inf,recent_6m 跑输 ETF -11.12pp 超过容忍带 -5.0pp,11.18,-0.09759999999999999,1.0907,-0.11118181818181805,-0.020739529120198302,11.18,-0.09759999999999999,1.0907,-0.11118181818181805,-0.020739529120198302,11.18,-0.09759999999999999,1.0907,-0.11118181818181805,-0.020739529120198302
15,30,30,0.0,0.7,-inf,recent_6m 跑输 ETF -7.70pp 超过容忍带 -5.0pp,12.07,-0.09960000000000001,1.2019,-0.07698181818181804,-0.018739529120198287,12.07,-0.09960000000000001,1.2019,-0.07698181818181804,-0.018739529120198287,12.07,-0.09960000000000001,1.2019,-0.07698181818181804,-0.018739529120198287
15,30,30,0.01,0.3,-inf,recent_6m 跑输 ETF -14.25pp 超过容忍带 -5.0pp,10.39,-0.09539999999999998,0.9914000000000001,-0.14248181818181815,-0.02293952912019831,10.39,-0.09539999999999998,0.9914000000000001,-0.14248181818181815,-0.02293952912019831,10.39,-0.09539999999999998,0.9914000000000001,-0.14248181818181815,-0.02293952912019831
15,30,30,0.01,0.5,-inf,recent_6m 跑输 ETF -11.12pp 超过容忍带 -5.0pp,11.18,-0.09759999999999999,1.0907,-0.11118181818181805,-0.020739529120198302,11.18,-0.09759999999999999,1.0907,-0.11118181818181805,-0.020739529120198302,11.18,-0.09759999999999999,1.0907,-0.11118181818181805,-0.020739529120198302
15,30,30,0.01,0.7,-inf,recent_6m 跑输 ETF -7.70pp 超过容忍带 -5.0pp,12.07,-0.09960000000000001,1.2019,-0.07698181818181804,-0.018739529120198287,12.07,-0.09960000000000001,1.2019,-0.07698181818181804,-0.018739529120198287,12.07,-0.09960000000000001,1.2019,-0.07698181818181804,-0.018739529120198287
15,30,30,0.02,0.3,-inf,recent_6m 跑输 ETF -12.72pp 超过容忍带 -5.0pp,12.2,-0.0852,1.0395999999999999,-0.12718181818181806,-0.0331395291201983,12.2,-0.0852,1.0395999999999999,-0.12718181818181806,-0.0331395291201983,12.2,-0.0852,1.0395999999999999,-0.12718181818181806,-0.0331395291201983
15,30,30,0.02,0.5,-inf,recent_6m 跑输 ETF -10.01pp 超过容忍带 -5.0pp,12.48,-0.09029999999999999,1.1264,-0.10008181818181816,-0.028039529120198303,12.48,-0.09029999999999999,1.1264,-0.10008181818181816,-0.028039529120198303,12.48,-0.09029999999999999,1.1264,-0.10008181818181816,-0.028039529120198303
20,60,60,0.02,0.7,-inf,recent_6m 跑输 ETF -8.42pp 超过容忍带 -5.0pp,10.42,-0.1131,1.1783,-0.08418181818181814,-0.0052395291201982885,10.42,-0.1131,1.1783,-0.08418181818181814,-0.0052395291201982885,10.42,-0.1131,1.1783,-0.08418181818181814,-0.0052395291201982885
